編號,書名,所在冊, 起始頁碼, 所屬類別, 版本,出版商,藏書地, 封面圖片,封面信息, 書內備註,整理備注
1,剃頭佬嘆五更一卷,第二冊,1,叹五更,清末民國廣州狀元坊太平新街以文堂刻本,以文堂,臺北傅斯年圖書館,无,"插畫, 書名, 書局信息, 畫家信息",无,无
2,改良洋烟自嘆一卷,第二冊,4,无,清末民國廣州狀元坊太平新街以文堂刻本,以文堂,復旦大學圖書館,无,"插畫, 書名, 書局信息, 畫家信息",无,非嘆五更格式
3,新本洋烟自嘆一卷 ,第二冊,7,无,民國廣州市第七甫醉經堂刻本,醉經堂,廣東省立中山圖書館,无,"插畫, 書名, 書局信息, 書局廣告",原書版框高一五五毫米 寬一〇二毫米,封面寫《醉經書局》，內頁寫“醉經堂機器板”，非叹五更格式。
4,客途秋恨一卷  ,第二冊,10,无,清末民國第七甫五桂堂刻本,廣州五桂堂,廣州圖書館,无,無封面,无,无
5,客途秋恨一卷,第二冊,13,无,清末民國禪山走馬路芹香閣刻本,芹香閣,佛山市順德圖書館,无,"插畫, 書名, 書局信息, 畫家信息",題 芹香閣重訂 原書版框高一六六毫米 寬一一三毫米,內頁寫“佛山芹香閣板”
6,客途秋恨龍舟歌一卷,第二冊,16,龍舟,民國廣州市第七甫醉經堂刻本,醉經堂,廣州大典研究中心,无,"插畫, 書名, 書局信息, 畫家信息, 藥廠廣告",原書版框高一五四毫米 寬一〇二毫米,封面寫“醉經書局”《正訂客途秋恨》，內頁標題《客途秋恨龍舟歌》，下寫“醉經堂機器板”
7,正板客途秋恨一卷  ,第二冊,19,无,民國廣州市光復中路五桂堂鉛印本,廣州五桂堂,廣東省立中山圖書館,无,"插畫, 書名, 書局信息, 畫家信息, 藥廠廣告",无,封面寫“省港五桂堂書局印行”，內頁寫“五桂堂機印”
8,龍舟馬迪發夢一卷  ,第二冊,22,龍舟,清刻民國省港五桂書局印本,五桂書局,日本天理大學附屬天理圖書館,无,"插畫, 書名, 書局信息, 畫家信息, 藥廠廣告",无,封面寫“省港五桂堂書局印行”，內頁標題《龍舟馬迪發夢》
9,新本龍舟歌馬迪嘆五更一卷 ,第二冊,25,"叹五更, 龍舟",清省城□文□刻民國廣州市以文堂印本,以文堂,臺北傅斯年圖書館,无,"插畫, 書名, 書局信息, 畫家信息",无,內頁標題《新本龍舟歌馬迪嘆五更》
10,起解李旦一卷 ,第二冊,29,无,清末民國第七甫五桂堂刻本,廣州五桂堂,復旦大學圖書館,无,"插畫, 書名, 書局信息, 畫家信息",无,无
11,莫做亂世人二卷  ,第二冊,32,无,清末民國刻本,無信息,日本天理大學附屬天理圖書館,无,"插畫, 書名, 畫家信息",无,无
12,莊子試妻二卷,第二冊,36,龍舟,清省城靖遠大街德文堂刻本,德文堂,廣東省立中山圖書館,无,"分類, 插畫, 書名, 書局信息",原書版框高一六二毫米 寬一一〇毫米,封面寫“新出龍舟歌”，結尾寫“此書乃改惡從善大有益”
13,桂枝寫狀一卷,第二冊,42,南音,清省城廣文堂刻本,廣文堂,德國巴伐利亞州立圖書館,无,"插畫, 書名, 書局信息",題 閒情居主 較訂,封面寫“桂枝寫狀南音”
14,桃花送藥一卷,第二冊,45,无,清末民國□□堂刻廣州市光復中路醉經書局印本,醉經書局,廣東省立中山圖書館,无,"插畫, 書名, 書局信息, 書局廣告",原書版框高一五五毫米 寬一〇二毫米,封面寫“醉經書局”，另有“本局專辦……機板南音龍舟班本搜羅新出名優唱本……發行”
15,新本桃花送藥二卷,第二冊,48,无,清末民國佛山走馬路芹香閣刻本,芹香閣,廣東省立中山圖書館,无,"插畫, 書名, 書局信息, 畫家信息",題 佛鎮芹香閣 重訂 原書版框高一六〇毫米 寬一〇二毫米,內頁寫“佛山芹香閣機器板”
16,桃花妹送藥一卷,第二冊,52,无,民國西堤二馬路正興大街成文堂刻本,成文堂,首都圖書館,无,"插畫, 書名, 書局信息",无,封面人物腿上文字疑似“龍舟”。內頁標題《桃花妹送藥》
17,豈有唔嬲三卷,第二冊,55,无,清末民國廣州狀元坊太平新街以文堂刻本,以文堂,臺北傅斯年圖書館,无,"插畫, 書名, 書局信息, 畫家信息",无,內頁寫“以文堂機器板”
18,新本龍舟歌徐庶歸家二卷,第二冊,60,龍舟,清同益堂刻本,同益堂,復旦大學圖書館,无,"分類, 書名",題 龍舟松 撰,封面寫“龍舟松原本分句合鑼鼓（皮）”
19,殺子有報三卷,第二冊,66,无,清末民國以文堂刻本,以文堂,廣州大典研究中心,无,"插畫, 書名, 書局信息, 畫家信息, 藥廠廣告",无,內頁寫“以文堂機器板”
20,殺妻一卷,第二冊,72,南音,清□□堂刻本,無信息,日本天理大學附屬天理圖書館,无,"分類, 插畫, 書名",无,封面寫“□□欄孫家 剎妻南音”
21,龍舟煙友細談一卷,第二冊,75,龍舟,民國廣州市第七甫醉經堂刻本,醉經堂,臺北傅斯年圖書館,无,"插畫, 書名, 書局信息, 畫家信息",无,封面標題為《煙友世談》
22,酒樓戲鳳一卷,第二冊,78,无,清末民國廣州狀元坊太平新街以文堂刻本,以文堂,臺北傅斯年圖書館,无,"插畫, 書名, 書局信息, 畫家信息",无,无
23,重訂陳世美五弄琵琶一卷,第二冊,81,无,清佛山走馬路芹香閣刻本,芹香閣,廣州大典研究中心,无,"插畫, 書名, 書局信息, 畫家信息",題 佛鎮芹香閣 重訂,无
24,陳世美五弄琵琶一卷,第二冊,84,龍舟,清末民國□□堂刻香港五桂堂印本,香港五桂堂,日本金文京先生藏本,无,"分類, 插畫, 書名, 書局信息, 書局廣告, 畫家信息",題 □□堂主人 重訂,封面寫“正字龍舟”
25,陳姑追舟一卷,第二冊,87,南音,清丹桂堂刻本,丹桂堂,德國巴伐利亞州立圖書館,无,"分類, 插畫, 書名, 書局信息",无,封面寫“南音”
26,陳姑餞別偷詩稿全一卷,第二冊,90,无,清刻本,無信息,中山大學中國非物質文化遺產研究中心,无,"故事情節/內容, 書名",无,无
27,陳琳英嘆五更全本一卷,第二冊,96,"叹五更, 龍舟",清正興街成文堂刻本,成文堂,復旦大學圖書館,无,"分類, 插畫, 書名, 書局信息",无,封面寫“新出龍舟歌”
28,新訂孫夫人投江一卷,第二冊,99,龍舟,清富經堂刻民國廣州市太平新街以文堂印本,以文堂,臺北傅斯年圖書館,无,"分類, 插畫, 書名, 書局信息, 畫家信息",无,封面寫“龍舟”
29,陰陽雪恨三卷,第二冊,102,无,清末民國第七甫五桂堂刻本,廣州五桂堂,英國倫敦大學亞非學院圖書館,无,"分類, 插畫, 故事情節/內容, 書名, 書局信息, 畫家信息, 藥廠廣告",无,封面標題為《正字再世從良》
30,新本陰陽雪恨三卷,第二冊,113,无,民國廣州光復中路醉經書局刻本,醉經書局,廣州大典研究中心,无,"插畫, 書名, 書局信息, 書局廣告",无,无
31,改良陰魂雪恨全套一卷,第二冊,119,无,民國廣州市光復中路醉經書局鉛印本,醉經書局,首都圖書館,无,"插畫, 書名, 書局信息, 書局廣告",无,无
32,陶府訴情一卷,第二冊,124,无,清末民國五桂堂刻本,廣州五桂堂,廣東省立中山圖書館,无,"插畫, 書名, 書局信息, 藥廠廣告",原書版框高一六一毫米 寬一一四毫米,无
33,陶府訴情一卷,第二冊,127,龍舟,清末民國成文堂刻本,成文堂,首都圖書館,无,"分類, 插畫, 書名, 書局信息",无,封面寫“新出龍舟歌”
34,梅妃託夢一卷,第二冊,130,无,清末民國五桂堂刻本,廣州五桂堂,日本天理大學附屬天理圖書館,无,"插畫, 書名, 書局信息",无,封面標題為《梅妃報夢》
35,梅妃宮怨一卷,第二冊,133,无,清末民國五桂堂刻本,廣州五桂堂,廣東省立中山圖書館,无,"插畫, 書名, 書局信息, 畫家信息, 藥廠廣告",原書版框高一六一毫米 寬一一四毫米,第七甫五桂堂機器板
36,新出梳頭媽自嘆一卷,第二冊,136,龍舟,清□□樓刻正興街成文堂印本,成文堂,首都圖書館,无,"分類, 插畫, 書名, 書局信息",无,封面寫“新出龍舟歌”
37,梨園雜調一卷,第二冊,139,无,清末民國太平新街以文堂刻本,以文堂,臺北傅斯年圖書館,无,"插畫, 書名, 書局信息, 畫家信息",題 以文堂 重訂,封面標題《偷盜解心》
38,新出做人難一卷,第二冊,142,无,清末民國五桂堂刻本,廣州五桂堂,廣東省立中山圖書館,无,"插畫, 書名, 書局信息, 書局廣告, 畫家信息, 藥廠廣告",原書版框高一五七毫米 寬一〇四毫米,无
39,新本偷詩稿一卷,第二冊,146,无,清末民國五桂堂刻本,廣州五桂堂,日本天理大學附屬天理圖書館,无,"插畫, 書名, 書局信息, 畫家信息, 藥廠廣告",无,屬於《陳姑追舟》部分情節摘選
40,新本偷詩稿一卷,第二冊,149,龍舟,清末民國成文堂刻本,成文堂,首都圖書館,无,"分類, 插畫, 書名, 書局信息",无,封面寫“新出龍舟歌”，屬於《陳姑追舟》部分情節摘選
41,週年快活一卷,第二冊,152,无,清末民國五桂堂刻本,廣州五桂堂,廣東省立中山圖書館,无,"插畫, 書名, 書局信息, 藥廠廣告",原書版框高一六一毫米 寬一一四毫米,內頁寫“第七甫五桂堂機器板”
42,魚蝦嫁女一卷,第二冊,155,南音,清刻本,無信息,復旦大學圖書館,无,"分類, 書名",无,封面寫《南音魚蝦嫁女》
43,祭奠大沙頭金嬌三卷,第二冊,158,无,清末民國五桂堂刻本,廣州五桂堂,廣東省立中山圖書館,无,"插畫, 書名, 書局信息, 畫家信息",原書版框高一六一毫米 寬一一四毫米,封面《大沙頭祭奠金嬌》，旁有《老鼠嫁女》。內頁標題《祭奠大沙頭金嬌》，下寫“第七甫五桂堂板”
44,祭奠狄青二卷,第二冊,163,无,清末民國五桂堂刻本,廣州五桂堂,廣東省立中山圖書館,无,"插畫, 書名, 書局信息, 藥廠廣告",原書版框高一六一毫米 寬一一四毫米,內頁寫“第七甫五桂堂藏板”
45,麻瘋裝船一卷,第二冊,167,龍舟,民國廣州市太平新街以文堂刻本,以文堂,臺北傅斯年圖書館,无,"分類, 插畫, 書名, 書局信息, 畫家信息",无,封面寫“新出龍舟”，標題為《瘋妹裝船》
46,望月團圓南音一卷,第二冊,170,南音,清刻民國廣州市太平新街以文堂刻本,以文堂,臺北傅斯年圖書館,无,"插畫, 書名, 書局信息",无,內頁寫“□望團圓南音”
47,趣緻龍舟添花報喜一卷,第二冊,175,龍舟,民國五桂堂刻本,廣州五桂堂,佛山市博物館,无,"分類, 插畫, 書名, 書局信息, 畫家信息",徐庚暉 編稿,封面寫“最新趣緻龍舟”，內頁寫“花邑徐庚暉編稿”。另有備注詳見下文
48,新本淑英燒衣附薦何文秀一卷,第二冊,178,无,清末民國五桂堂刻本,廣州五桂堂,廣東省立中山圖書館,无,"插畫, 書名, 書局信息, 藥廠廣告",原書版框高一六一毫米 寬一一四毫米,无
49,梁李爭第一二卷,第二冊,182,南音,民國省港五桂堂刻本,廣州五桂堂,英國倫敦大學亞非學院圖書館,无,"分類, 插畫, 書名, 書局信息, 書局廣告",无,封面寫“正字南音”
50,梁佳自嘆五更一卷,第二冊,186,叹五更,清末民國五桂堂刻本,廣州五桂堂,廣東省立中山圖書館,无,"插畫, 書名, 書局信息, 畫家信息, 藥廠廣告",原書版框高一六一毫米 寬一一四毫米,內頁寫“梁佳自嘆五更”
51,新刻梁婆求媳一卷,第二冊,191,无,清末民國五桂堂刻本,廣州五桂堂,首都圖書館,无,"插畫, 書名, 書局信息, 畫家信息",无,无
52,新本張大立妾二卷,第二冊,194,无,清五桂堂刻本,廣州五桂堂,日本天理大學附屬天理圖書館,无,"插畫, 書名, 書局信息, 藥廠廣告",无,无
53,揀摘交遊歌訣□□卷(存卷上),第二冊,200,无,民國廣州市光復中路民智書店鉛印本,民智書店,廣東省立中山圖書館,无,"插畫, 書名, 書局信息, 酒莊廣告",无,只見上卷
54,萬惡化為良一卷,第二冊,203,无,民國鉛印本,無信息,佛山市順德圖書館,无,無封面,无,无
55,萬惡化為良一卷金山婆自嘆一卷老女嘆五更怨嫁遲一卷蘇娘寫血書一卷,第二冊,214,叹五更,民國鉛印本,無信息,佛山市順德圖書館,无,無封面,无,見詳情
56,萬壽宮訴恨一卷,第二冊,224,无,清丹柱堂,丹柱堂,復旦大學圖書館,无,無封面,无,丹柱堂跟丹桂堂會不會是同一個出版社，然後錯字誤傳？
57,新本雲英問病一卷,第二冊,227,无,清省城五桂堂刻本,廣州五桂堂,廣東省立中山圖書館,无,"插畫, 書名, 書局信息, 畫家信息, 藥廠廣告",原書版框高一五七毫米 寬一〇四毫米,內頁寫“省城五桂堂藏板”
58,新本雲英問病一卷,第二冊,231,无,清□□堂刻民國廣州狀元坊太平新街以文堂印本,以文堂,臺北傅斯年圖書館,无,"插畫, 書名, 書局信息, 畫家信息",无,无
59,貼錢買難受並附戒煙良方一卷,第二冊,235,无,清末民國狀元坊太平新街以文堂刻本,以文堂,臺北傅斯年圖書館,无,"插畫, 書名, 書局信息, 畫家信息",題 以文堂主人 訂,教育：不要抽煙
60,閗線櫃一卷,第二冊,238,南音,清攀桂堂刻本,攀桂堂,德國巴伐利亞州立圖書館,无,"分類, 插畫, 書名, 書局信息",无,封面書名《挑線櫃》，寫“南音”
61,貴妃醉酒一卷,第二冊,241,无,清末民國第七甫五桂堂刻本,廣州五桂堂,首都圖書館,无,"插畫, 書名, 書局信息, 畫家信息",无,內頁“第七甫五桂堂藏板”
62,貴嬌問病一卷,第二冊,244,无,清末民國第七甫五桂堂刻本,廣州五桂堂,廣東省立中山圖書館,无,"插畫, 書名, 書局信息, 書局廣告, 畫家信息, 藥廠廣告",原書版框高一五七毫米 寬一〇四毫米,內頁“第七甫五桂堂機器板”
63,重訂欽點一枝花一卷,第二冊,247,无,清末民國狀元坊太平新街以文堂刻本,以文堂,廣州大典研究中心,无,"插畫, 書名, 書局信息, 畫家信息",題 以文堂主人訂。 原書版框高一六六毫米 寬一〇八毫米,內頁“以文堂機器板”
64,貂蟬拜月一卷,第二冊,250,无,清省城三元堂刻民國廣州市西堤二馬路正興大街成文堂印本,"三元堂, 成文堂",復旦大學圖書館,无,"插畫, 書名, 書局信息, 畫家信息",題 龍舟珠 訂,封面標題《刁嬋拜月》
65,善惡分明一卷,第二冊,253,无,民國五桂堂刻本,廣州五桂堂,廣東省立中山圖書館,无,"插畫, 書名, 書局信息, 畫家信息",原書版框高一五七毫米 寬一〇四毫米,无
66,發瘋佬自嘆一卷,第二冊,256,叹五更,清末民國第七甫五桂堂刻本,廣州五桂堂,首都圖書館,无,"插畫, 書名, 書局信息, 畫家信息",无,內頁“第七甫五桂堂機器板”，為歎五更格式書寫
67,新出發瘋佬自嘆二卷,第二冊,259,无,民國廣州市光復中路醉經書局刻本,醉經書局,廣東省立中山圖書館,无,"插畫, 書名, 書局信息, 書局廣告",原書版框高一五五毫米 寬一〇二毫米,无
68,瑞愛操琴一卷,第二冊,263,无,民國赤坎新開書局鉛印本,赤坎書局,廣州大典研究中心,无,"插畫, 書名",原書版框高一五四毫米 寬一〇一毫米,无
69,瑞蘭店中分別一卷,第二冊,269,龍舟,清末民國五桂堂刻本,廣州五桂堂,首都圖書館,无,"分類, 插畫, 書名, 書局信息",无,封面《店中分別龍舟歌》
70,瑞蘭許願一卷,第二冊,272,龍舟,清末民國廣州第七甫五桂堂刻本,廣州五桂堂,首都圖書館,无,"分類, 插畫, 書名, 書局信息, 畫家信息",无,封面《瑞蘭許願龍舟歌》
71,蓮英招親一卷,第二冊,275,无,民國赤坎新開書局鉛印本,赤坎書局,佛山市順德圖書館,无,無封面,原書版框高一五五毫米 寬一〇〇毫米,无
72,新出夢蘭憶友龍舟歌一卷,第二冊,277,龍舟,清□□堂刻咸嘉巷三元堂印本,三元堂,國家圖書館,无,"分類, 書名, 書局信息",无,封面《新出龍舟歌夢蘭噫友》
73,蒙正招親一卷,第二冊,282,南音,清桂籍堂刻本,桂籍堂,德國巴伐利亞州立圖書館,无,"分類, 書名, 書局信息",无,封面寫“新南音”
74,蒙正捱雪一卷,第二冊,285,无,清富經堂刻民國廣州市太平新街以文堂印本,"以文堂, 富經堂",臺北傅斯年圖書館,无,"插畫, 書名, 書局信息, 畫家信息",无,无
75,蒙正捱雪一卷,第二冊,288,南音,清五桂堂刻本,廣州五桂堂,北京師範大學圖書館,无,"插畫, 書名, 書局信息, 畫家信息",无,內頁寫“蒙正捱雪 試□南音 五桂堂板”
76,蒙正祭灶一卷,第二冊,291,无,清□□堂刻民國廣州市西堤二馬路正興大街成文堂印本,成文堂,首都圖書館,无,"插畫, 書名, 書局信息, 畫家信息",无,无
77,蒙正祭灶一卷,第二冊,294,无,清□□堂刻民國廣州市光復路以文堂印本,以文堂,廣州大典研究中心,无,"插畫, 書名, 書局信息, 畫家信息, 藥廠廣告",原書版框高一六三毫米 寬一〇三毫米,无
78,蒙正祭灶一卷,第二冊,297,无,清末民國第七甫五桂堂刻本,廣州五桂堂,廣東省立中山圖書館,无,"插畫, 書名, 書局信息, 書局廣告, 畫家信息, 藥廠廣告",无,封面有“機器板”，內頁“第七甫五桂堂藏板”
79,蒙正賞月一卷,第二冊,300,龍舟,清五桂堂刻本,廣州五桂堂,首都圖書館,无,"分類, 插畫, 書名, 書局信息",无,封面《蒙正賞月龍舟歌》
80,蒙正賞月一卷,第二冊,303,龍舟,清末民國成文堂刻本,成文堂,復旦大學圖書館,无,"分類, 插畫, 書名, 書局信息",无,封面”新出龍舟歌“
81,蒙正擺齋一卷,第二冊,306,无,清刻民國廣州市太平新街以文堂印本,以文堂,臺北傅斯年圖書館,无,"插畫, 書名, 書局信息, 畫家信息",无,无
82,杨翠喜憶情郎二卷,第二冊,309,无,清第七甫□□堂刻民國第七甫醉經堂印本,醉經堂,臺北傅斯年圖書館,无,"插畫, 書名, 書局信息, 畫家信息",无,无
83,解茶泡一卷,第二冊,313,龍舟,清刻民國廣州市太平新街以文堂印本,以文堂,臺北傅斯年圖書館,无,"分類, 插畫, 書名, 書局信息, 畫家信息",无,封面”新出龍舟“
84,解攜籃南音二卷玉嬋附薦金蘭二卷玉嬋嘆五更一卷玉嬋問覡二卷,第二冊,316,南音,清省城以文堂刻本,以文堂,英國倫敦大學亞非學院圖書館,无,"插畫, 書名, 書局信息, 藥廠廣告",无,內頁“解攜籃南音上”
85,解攜籃二卷,第二冊,327,无,清末民國廣州第七甫五桂堂刻本,廣州五桂堂,北京師範大學圖書館,无,"插畫, 書名, 書局信息, 畫家信息",无,內頁“第七甫五桂堂機器板”
86,新五諫妻一卷,第二冊,331,龍舟,清第八甫醉經堂刻本,醉經堂,廣州圖書館,无,"分類, 書名, 書局信息",无,封面”新出龍舟歌“
87,新拆字眼一卷,第二冊,336,无,清末民國第七甫五桂堂刻本,廣州五桂堂,廣東省立中山圖書館,无,"插畫, 書名, 書局信息, 書局廣告, 藥廠廣告",无,內頁“第七甫五桂堂藏板”
88,新怨夫老一卷,第二冊,339,无,民國廣州市光復中路醉經書局刻本,醉經書局,廣東省立中山圖書館,无,"插畫, 書名, 書局信息, 書局廣告",无,无
89,新送嫁歌一卷,第二冊,342,无,清刻民國醉經書局印本,醉經書局,廣東省立中山圖書館,无,"插畫, 書名, 書局信息, 書局廣告",无,无
90,新洞房不遂一卷,第二冊,346,无,清以文堂刻本,以文堂,臺北傅斯年圖書館,无,"插畫, 書名, 書局信息, 畫家信息",无,无
91,新雪梅買水一卷,第二冊,349,无,清末民國以文堂刻本,以文堂,臺北傅斯年圖書館,无,"插畫, 書名, 書局信息, 畫家信息",題 雅韻軒 訂選,內頁“順邑雅韻軒訂選”
92,新婿上廳一卷,第二冊,352,无,清刻民國五桂堂印本,廣州五桂堂,廣東省立中山圖書館,无,"插畫, 書名, 書局信息, 畫家信息, 藥廠廣告",无,封面標題《六姑回門》
93,新發財歌一卷徐庶歸家一卷,第二冊,355,"木魚, 龍舟",民國廣州市光復中路華興書局鉛印本,華興書局,廣東省立中山圖書館,无,"分類, 書名, 書局信息",余瑞珊 編輯,封面標題“最新木魚”，內頁“新串趣緻龍舟歌”、“編輯人荻海南山余瑞珊，印刷者廣州市華興書局”、“新串木魚新發財歌”
94,龍舟碧月收棋一卷,第二冊,362,无,清狀元坊太平新街以文堂刻本,以文堂,復旦大學圖書館,无,"插畫, 書名, 書局信息, 畫家信息",无,內頁“龍舟碧月收棋”，《花箋記》片段
95,碧仙執藥一卷,第二冊,365,无,清□書堂刻本,無信息,廣州大典研究中心,无,"插畫, 書名, 書局信息",原書版框高一五〇毫米 寬一〇九毫米,无
96,碧桃錦帕一卷,第二冊,368,龍舟,清省城靖遠大街德文堂刻本,德文堂,廣東省立中山圖書館,无,"分類, 插畫, 書名, 書局信息",无,封面“新出龍舟歌”
97,龍舟碧桃錦帕一卷,第二冊,371,龍舟,清省城狀元坊太平新街以文堂刻本,以文堂,復旦大學圖書館,无,"分類, 插畫, 書名, 書局信息",題 以文堂 訂,封面“新出龍舟歌”，內頁“龍舟碧桃錦帕”
98,碧容拜月一卷,第二冊,374,无,清刻民國廣州市太平新街以文堂印本,以文堂,首都圖書館,无,"插畫, 書名, 書局信息, 畫家信息",无,无
99,碧容祭監二卷,第二冊,377,南音,清□□堂刻粵東省城正興大街成文堂印本,成文堂,國家圖書館,无,"分類, 插畫, 書名, 書局信息",无,封面“新刻南音全本”
100,碧容祭監二卷,第二冊,386,南音,清末民國第七甫以文堂刻五桂堂印本,"以文堂, 廣州五桂堂",英國倫敦大學亞非學院圖書館,无,"插畫, 書名, 書局信息, 書局廣告",无,封面標題《碧容探監》，有“機板正字 好唱南音”字，內頁標題“大罵梅知府”，下“第七甫以文堂機器板”
101,碧容祭監二卷,第二冊,391,南音,民國廣州市第七甫醉經堂刻本,醉經堂,廣東省立中山圖書館,无,"分類, 插畫, 書名, 書局信息, 書局廣告",原書版框高一五五毫米 寬一〇二毫米,封面“好唱南音”
102,瑤仙拜月一卷,第二冊,395,南音,清攀□堂刻本,攀桂堂,復旦大學圖書館,无,"分類, 插畫, 書名, 書局信息",无,封面“南音”，跟60號《閗線櫃一卷》似同一出處
103,趙匡胤算命三卷,第二冊,398,无,清□□堂刻民國廣州市西堤二馬路正興大街成文堂印本,成文堂,首都圖書館,无,"插畫, 書名, 書局信息, 畫家信息",无,无
104,奪標擇錦二卷,第二冊,403,无,清省城五桂堂刻本,廣州五桂堂,中山大學中國非物質文化遺產研究中心,无,"插畫, 書名, 書局信息",无,无
105,閨諫瑞蘭一卷,第二冊,420,龍舟,清末民國第七甫五桂堂刻本,廣州五桂堂,首都圖書館,无,"分類, 插畫, 書名, 書局信息, 畫家信息",无,封面寫“龍舟歌”
106,鳳氏祭夫一卷,第二冊,423,木魚,民國公益埠會文閣鉛印本,會文閣,中山大學中國非物質文化遺產研究中心,无,"書名, 書局信息",无,內頁寫“新出木魚”
107,鳳將軍倉前街被炸三卷,第二冊,427,无,民國第七甫五桂堂刻本,廣州五桂堂,廣東省立中山圖書館,无,"插畫, 故事情節/內容, 書名, 書局信息",无,无
108,鳳儀亭訴苦二卷,第二冊,432,无,清末民國第七甫五桂堂刻本,廣州五桂堂,首都圖書館,无,"插畫, 書名, 書局信息, 畫家信息",无,无
109,重訂鳳儀亭訴苦二卷,第二冊,436,无,清末民國狀元坊內太平新街以文堂刻香港五桂堂印本,"以文堂, 香港五桂堂",英國倫敦大學亞非學院圖書館,无,"插畫, 書名, 書局信息, 書局廣告",无,无
110,鳳嬌寫血書投水一卷,第二冊,440,无,清末民國第七甫五桂堂刻本,廣州五桂堂,北京師範大學圖書館,无,"插畫, 書名, 書局信息",无,封面書名《鳳嬌投水》
111,鳳嬌寫血書投水一卷,第二冊,443,无,民國廣州市第七甫醉經堂刻本,醉經堂,北京師範大學圖書館,无,"插畫, 書名, 書局信息",无,封面書名《鳳嬌投水》
112,齊王祭奠一卷,第二冊,446,无,清刻民國醉經書局印本,醉經書局,廣東省立中山圖書館,无,"插畫, 書名, 書局信息, 書局廣告",題 枕流氏 稿,封面書名《齊王哭奠》，鍾無艷故事
113,齊家善法二卷,第二冊,449,无,清末民國狀元坊內太平新街以文堂刻本,以文堂,臺北傅斯年圖書館,无,"故事情節/內容, 書名",題 樂善堂 著作,无
114,鄧嬌問病二卷,第二冊,453,无,清省城五桂堂刻民國漢華書局印本,"廣州五桂堂, 漢華書局",廣東省立中山圖書館,无,"插畫, 書名, 書局信息, 畫家信息, 藥廠廣告",无,无
115,樊梨花陣上招親一卷,第二冊,459,无,清省城五桂堂刻本,廣州五桂堂,廣東省立中山圖書館,无,"插畫, 書名, 書局信息, 書局廣告, 畫家信息, 藥廠廣告",无,无
116,樊梨花嘆五更一卷,第二冊,462,无,清五桂堂刻本,廣州五桂堂,廣東省立中山圖書館,无,"插畫, 書名, 書局信息, 畫家信息, 藥廠廣告",无,无
117,賢妻諫賭一卷,第二冊,465,龍舟,清末民國第七甫五桂堂刻本,廣州五桂堂,首都圖書館,无,"分類, 插畫, 書名, 書局信息",无,封面寫“龍舟歌”
118,改良賢婦鬧烟夫二卷,第二冊,468,龍舟,清末民國狀元坊內太平新街以文堂刻本,以文堂,臺北傅斯年圖書館,无,"分類, 插畫, 書名, 書局信息, 畫家信息",題 以文堂主人 訂,封面寫“新出龍舟”
119,豬仔客自嘆一卷,第二冊,472,无,民國廣州市第七甫醉經堂刻本,醉經堂,臺北傅斯年圖書館,无,"插畫, 書名, 書局信息, 畫家信息",无,歎五更格式
120,豬籠浸女一卷,第二冊,475,无,清末民國第七甫五桂堂刻本,廣州五桂堂,臺北傅斯年圖書館,无,"插畫, 書名, 書局信息, 畫家信息",无,无
121,賭仔回頭一卷,第二冊,479,无,民國廣州市太平新街以文堂刻本,以文堂,臺北傅斯年圖書館,无,"分類, 書名",无,封面寫“時事歌曲”
122,賭仔新發財□□卷(存卷上),第二冊,482,无,清□□堂刻民國醉經書局印本,醉經書局,廣東省立中山圖書館,无,"插畫, 書名, 書局信息, 書局廣告",无,无
123,賭仔賣女二卷,第二冊,485,无,民國廣州市第七甫醉經堂刻本,醉經堂,廣東省立中山圖書館,无,"插畫, 書名, 書局信息, 書局廣告",无,无
124,劉生嘆五更一卷,第二冊,489,无,清末民國五桂堂刻本,廣州五桂堂,廣東省立中山圖書館,无,"插畫, 書名, 書局信息, 畫家信息, 藥廠廣告",无,无
125,劉金定灌藥一卷,第二冊,492,南音,清省城廣文堂刻本,廣文堂,德國巴伐利亞州立圖書館,无,"分類, 插畫, 書名, 書局信息",无,封面寫“南音”
126,劉金定灌藥一卷,第二冊,495,无,清末民國□□堂刻本,無信息,廣州圖書館,无,無封面,无,无
127,新本窮極賣老婆二卷,第二冊,497,龍舟,民國廣州市正興大街成文堂刻本,成文堂,首都圖書館,无,"分類, 插畫, 書名, 書局信息",題 龍舟松 撰,封面寫“新出龍舟歌”
128,薛平貴全套不分卷,第二冊,501,龍舟,清省城□文堂刻本,無信息,廣東省立中山圖書館,无,"分類, 故事情節/內容, 書名, 書局信息",原書版框高一六八毫米 寬一一三毫米,封面寫“龍舟歌”
129,薛剛大鬧花燈打爛太廟一卷,第二冊,523,无,清末民國以文堂刻本,以文堂,臺北傅斯年圖書館,无,"插畫, 書名, 書局信息, 畫家信息",无,无
130,新刻薛剛大戰紀鸞英二卷,第二冊,526,无,清末民國五桂堂刻本,廣州五桂堂,廣東省立中山圖書館,无,"插畫, 書名, 書局信息, 書局廣告, 畫家信息, 藥廠廣告",无,无
131,薛剛借兵一卷,第二冊,531,无,清末民國第七甫五桂堂刻本,廣州五桂堂,廣東省立中山圖書館,无,"插畫, 書名, 書局信息, 畫家信息, 藥廠廣告",无,无
132,醒世字花歌一卷,第二冊,534,龍舟,民國廣州市太平新街以文堂刻本,以文堂,臺北傅斯年圖書館,无,"分類, 插畫, 書名, 書局信息, 畫家信息",无,封面寫“新出龍舟”
133,錦绣食齋成道三卷,第二冊,537,龍舟,清末民國狀元坊內太平新街以文堂刻本,以文堂,廣東省立中山圖書館,无,"分類, 插畫, 書名, 書局信息, 畫家信息",題 以文堂 重訂,封面寫“龍舟”
134,錦绣食齋三卷,第二冊,543,无,民國廣州市第七甫醉經堂石印本,醉經堂,廣東省立中山圖書館,无,"書名, 書局信息",无,无
135,濶佬鬧嗅老舉一卷,第二冊,548,无,清末民國狀元坊內太平新街以文堂刻本,以文堂,復旦大學圖書館,无,"插畫, 書名, 書局信息",无,无
136,濶佬鬧老舉一卷,第二冊,551,无,清末民國第七甫五桂堂刻本,廣州五桂堂,廣東省立中山圖書館,无,書名,无,封面書名為《鬧嗅老妓》
137,雙奶媽附薦一卷,第二冊,554,无,清末民國五桂堂刻本,廣州五桂堂,廣東省立中山圖書館,无,"插畫, 書名, 書局信息, 畫家信息",无,无
138,新本雙陽宫主追夫南音一卷,第二冊,557,南音,清五桂堂刻本,廣州五桂堂,日本天理大學附屬天理圖書館,无,"分類, 插畫, 書名, 書局信息, 藥廠廣告",无,封面寫“好唱南音”，內頁寫“新本雙陽宫主追夫南音”
139,雙陽嘆五更一卷,第二冊,560,无,清五桂堂刻本,廣州五桂堂,廣東省立中山圖書館,无,"插畫, 書名, 書局信息, 藥廠廣告",无,无
140,新本斷機教子一卷,第二冊,563,南音,清省城蘭經堂刻本,蘭經堂,德國巴伐利亞州立圖書館,无,"分類, 插畫, 書名, 書局信息",无,封面寫“南音”
141,斷機教子一卷,第二冊,566,无,民國廣州市第七甫五桂堂刻本,廣州五桂堂,廣東省立中山圖書館,无,"插畫, 書名, 書局信息, 畫家信息, 藥廠廣告",无,无
142,勸戒殘肢二卷,第二冊,569,无,清第七甫五桂堂刻本,廣州五桂堂,廣東省立中山圖書館,无,"書名, 書局信息",无,封面書名為《文明放腳》
143,龍舟蘇小妹憶母嘆更一卷,第二冊,573,龍舟,清□□堂刻民國廣州第七甫五桂堂印本,廣州五桂堂,首都圖書館,无,"插畫, 書名, 書局信息, 畫家信息",无,內頁寫“龍舟蘇小妹憶母嘆更”
144,新出蘇娘寫血書一卷,第二冊,576,无,清載經堂刻本,載經堂,復旦大學圖書館,无,"插畫, 書名",无,无
145,重訂蘇娘寫血書一卷,第二冊,579,无,清末民國狀元坊內太平新街以文堂刻本,以文堂,廣州大典研究中心,无,"插畫, 書名, 書局信息, 畫家信息",无,无
146,新本蘇娘寫血書一卷,第二冊,582,龍舟,民國廣州市正興大街成文堂刻本,成文堂,首都圖書館,无,"分類, 插畫, 書名, 書局信息",无,封面寫“新出龍舟歌”
147,蘇娘嘆五更一卷,第二冊,585,龍舟,清□□堂刻民國廣州市正興大街成文堂印本,成文堂,首都圖書館,无,"分類, 插畫, 書名, 書局信息",无,封面寫“新出龍舟歌”
148,蘇娘嘆五更一卷,第二冊,588,无,民國廣州市第七甫醉經堂刻本,醉經堂,廣東省立中山圖書館,无,"插畫, 書名, 書局信息, 書局廣告",无,无
149,麗春吹簫一卷,第二冊,591,"南音, 龍舟",清五桂堂刻本,廣州五桂堂,復旦大學圖書館,无,"分類, 書名, 書局信息",无,封面寫“南音龍舟歌”
150,麗荷種花一卷,第二冊,594,无,清第七甫醉經堂刻本,醉經堂,廣東省立中山圖書館,无,"插畫, 書名, 書局信息, 書局廣告",无,无
151,關倫賣妹一卷,第二冊,597,无,民國廣州市第七甫醉經堂刻本,醉經堂,廣東省立中山圖書館,无,"插畫, 書名, 書局信息, 書局廣告",无,无
152,新本羅通逼命一卷,第二冊,600,南音,民國省港五桂堂刻本,廣州五桂堂,日本天理大學附屬天理圖書館,无,"分類, 插畫, 書名, 書局信息, 藥廠廣告",无,封面寫“好唱南音”
153,龍舟攔江截斗一卷,第二冊,603,龍舟,清□□堂刻民國廣州市太平新街以文堂印本,以文堂,臺北傅斯年圖書館,无,"插畫, 書名, 書局信息",无,內頁寫“龍舟攔江截斗”
154,護絲女賣靚一卷,第二冊,607,无,清末民國狀元坊內太平新街以文堂刻本,以文堂,臺北傅斯年圖書館,无,"插畫, 書名, 書局信息, 畫家信息",无,无
155,護絲女賣靚一卷,第二冊,610,无,清末民國禪山走馬路芹香閣刻本,芹香閣,佛山市順德圖書館,无,"插畫, 書名, 書局信息, 畫家信息",无,无
156,霸王别虞姬一卷,第二冊,613,无,清五桂堂刻本,廣州五桂堂,廣東省立中山圖書館,无,"插畫, 書名, 書局信息, 畫家信息",无,无
157,驚醒夢新本百八鐘一卷,第二冊,616,龍舟,清末民國以文堂刻本,以文堂,臺北傅斯年圖書館,无,"分類, 插畫, 書名, 書局信息, 畫家信息",无,封面寫“新出龍舟”
158,新出贊樂意龍舟歌□□卷(存卷下),第二冊,619,龍舟,清同治九年趣緻堂刻本,趣緻堂,臺北傅斯年圖書館,无,"分類, 書名, 書局信息",无,封面寫“龍舟歌”
159,觀音十勸一卷,第二冊,622,无,清末民國廣州第七甫五桂堂刻本,廣州五桂堂,首都圖書館,无,"插畫, 書名, 書局信息, 畫家信息",无,无
160,觀音十勸一卷,第二冊,625,无,民國東莞普益書局鉛印本,普益書局,廣東省立中山圖書館,无,"書名, 書局信息, 書局廣告",冷影 編,无
161,觀音化銀全本一卷,第二冊,628,无,清以文堂刻民國香港荷里活道五桂堂印本,"以文堂, 香港五桂堂",英國倫敦大學亞非學院圖書館,无,"插畫, 書名, 書局信息, 書局廣告, 藥廠廣告",无,无
162,囑媳送衣一卷,第二冊,632,龍舟,清省城富桂堂刻本,富桂堂,復旦大學圖書館,无,"分類, 書名, 書局信息",題 龍舟松 撰,封面寫“新出龍舟歌”
163,重訂囑媳送衣一卷,第二冊,635,无,清末民國第七甫五桂堂刻本,廣州五桂堂,廣東省立中山圖書館,无,"插畫, 書名, 書局信息, 藥廠廣告",无,无
164,粵謳一卷,第二冊,638,粵謳,清刻本,無信息,德國巴伐利亞州立圖書館,无,書名,无,无
165,粵謳一卷,第二冊,679,粵謳,清光緒二十九年羊城學院前守經堂刻本,守經堂,國家圖書館,无,"分類, 年份, 書名, 書局信息",題 招子庸 撰,无
166,新本再粵謳一卷,第二冊,705,粵謳,清省城五仙門口書坊賢經堂刻光緒十六年省城蘭經堂印本,"蘭經堂, 賢經堂",德國巴伐利亞州立圖書館,无,"分類, 年份, 書名, 書局信息",无,无
167,再粵謳一卷,第二冊,746,粵謳,清光緒二十七年省城狀元坊太平新街以文堂刻本,以文堂,國家圖書館,无,"書名, 書局信息",清 香迷子 輯,无
168,新粵謳解心不分卷,第二冊,764,粵謳,民國十二年刻本,無信息,廣東省立中山圖書館,无,書名,題 夢餘生 撰,无
169,十思起解心一卷,第二冊,797,龍舟,清省城學院前富桂堂刻本,富桂堂,復旦大學圖書館,无,"書名, 書局信息",題 龍舟松 撰,封面寫“新出龍舟歌”
170,十思起解心一卷,第二冊,800,无,清末民國香山石岐鑑記刻本,鑑記,廣州圖書館,无,"書名, 書局信息",无,无
171,重訂十思起解心一卷,第二冊,803,无,清末民國以文堂刻本,以文堂,廣州大典研究中心,无,"插畫, 書名, 書局信息, 藥廠廣告",題 以文堂 重訂，原書版框高一六〇毫米 寬一一〇毫米 ,无
172,十思起解心一卷,第二冊,806,"解心, 龍舟",民國廣州市正興大街成文堂刻本,成文堂,北京師範大學圖書館,无,"分類, 插畫, 書名, 書局信息",无,封面寫“新出龍舟歌”
173,新本五弄琵琶解心一卷,第二冊,809,"解心, 龍舟",清咸嘉巷三元堂刻本,三元堂,復旦大學圖書館,无,"分類, 書名, 書局信息",无,封面寫“新出龍舟歌”
174,水蛇容嘆五更解心一卷,第二冊,812,"解心, 龍舟",清末民國成文堂刻本,成文堂,首都圖書館,无,"分類, 書名, 書局信息",无,封面寫“新出龍舟歌”
175,新本什錦解肺一卷,第二冊,815,无,清末民國廣州市太平新街以文堂刻本,以文堂,臺北傅斯年圖書館,无,"插畫, 書名, 書局信息, 畫家信息",无,无
176,摘錦解心弔秋喜一卷,第二冊,818,"解心, 龍舟",清末民國第七甫五桂堂刻本,廣州五桂堂,首都圖書館,无,"分類, 插畫, 書名, 書局信息",无,封面寫“龍舟歌”
177,摘錦解心弔秋喜一卷,第二冊,821,无,清末民國以文堂刻本,以文堂,臺北傅斯年圖書館,无,"插畫, 書名, 書局信息, 畫家信息",无,无
178,新本古人字花解心一卷,第二冊,824,解心,清粵東省城太平新街以文堂刻本,以文堂,北京師範大學圖書館,无,"分類, 書名, 書局信息",无,封面寫“新本解心”
179,新本老女思夫嘆五更解心一卷,第二冊,827,无,清刻本,無信息,德國巴伐利亞州立圖書館,无,"插畫, 書名",无,无
180,新本花色冷淡解心一卷,第二冊,830,无,清省城廣文堂刻本,廣文堂,德國巴伐利亞州立圖書館,无,"插畫, 書名, 書局信息",无,无
181,新刻吴少姐憶母怨夫四季解心二卷,第二冊,833,"解心, 龍舟",清末民國五桂堂刻本,廣州五桂堂,日本天理大學附屬天理圖書館,无,"分類, 插畫, 書名, 書局信息, 畫家信息",无,封面寫“龍舟歌”
182,新諫酒色財氣解心一卷,第二冊,837,无,清□柱堂刻民國五桂堂印本,廣州五桂堂,日本天理大學附屬天理圖書館,无,"插畫, 書名, 書局信息",无,无
183,新鳥獸名解心一卷,第二冊,840,无,清刻本,無信息,德國巴伐利亞州立圖書館,无,"插畫, 書名",題 閒情居士 稿,无
184,新本福祿壽三星金樹開花解心二卷,第二冊,843,无,清末民國五桂堂刻本,廣州五桂堂,廣州大典研究中心,无,"插畫, 書名, 書局信息, 畫家信息",原書版框高一六〇毫米 寬一〇八毫米,无
185,新本賣瘋解心五卷,第二冊,847,"解心, 龍舟",民國廣州市太平新街以文堂刻本,以文堂,臺北傅斯年圖書館,无,"分類, 插畫, 書名, 書局信息, 畫家信息",无,封面寫“龍舟”
186,新本數菜名解心一卷,第二冊,850,无,民國廣州市太平新街以文堂刻本,以文堂,臺北傅斯年圖書館,无,"插畫, 書名, 書局信息, 畫家信息",无,无
187,新出錢名解心一卷,第二冊,853,无,清省城□□堂刻民國廣州市第七甫醉經堂印本,醉經堂,臺北傅斯年圖書館,无,"插畫, 書名, 書局信息, 畫家信息",无,无
188,禪房怨解心二卷,第二冊,856,无,清省城林興堂刻本,林興堂,德國巴伐利亞州立圖書館,无,"分類, 插畫, 書名, 書局信息",无,封面寫“解心”“馬头調”
189,新刻說唱一捧雪記四卷,第三冊,1,无,清省城第七甫□□堂刻民國省港五桂堂印本,廣州五桂堂,臺北傅斯年圖書館,无,"插畫, 書名, 書局信息, 畫家信息",无,封面書名《梁天來八命申冤》
190,新刻正字唱說一捧雪六卷,第三冊,45,无,民國省港五桂堂刻本,廣州五桂堂,廣州大典研究中心,无,"插畫, 書名, 書局信息, 畫家信息, 藥廠廣告",原書版框高一六四毫米 寬一一五毫米,封面書名《梁天來告御狀八命申冤》
191,新刻機器板正字二度梅全本四卷,第三冊,92,无,民國省港五桂堂刻本,廣州五桂堂,廣州大典研究中心,无,"插畫, 書名, 書局信息, 書局廣告, 畫家信息, 藥廠廣告",原書版框高一六四二毫米 寬一一七毫米,无
192,第九才子書二荷花史四卷,第三冊,113,无,清華翰堂刻本,華翰堂,英國倫敦大學亞非學院圖書館,无,"書名, 書局信息",清 鍾映雪 批定,无
193,評點第九才子書二荷花史四卷,第三冊,156,无,清光緒十八年莞城教場街萃英樓刻本,萃英樓,廣東省立中山圖書館,无,"年份, 書名, 書局信息",清 鍾映雪 評訂，原書版框高一八〇毫米 寬一二三毫米,封面書名《新批繡像第九才子二荷》
194,新刻十二寡婦征西五集至九集三十卷,第三冊,204,无,清省城第七甫丹柱堂、榮德堂刻，清末民國第七甫五桂堂印本,"丹柱堂, 廣州五桂堂, 榮德堂",廣東省立中山圖書館,无,"故事情節/內容, 書名, 書局信息",題 閒情居士，清 馬學愚 訂，原書版框高一七〇毫米 寬一一三毫米,除第八集寫榮德堂藏板外，其餘四集均爲丹柱堂藏板。且各集封面版式統一
195,新選全本十五貫二卷,第三冊,459,无,清嘉慶元年學院對門廣文堂刻本,廣文堂,德國巴伐利亞州立圖書館,无,"年份, 書名, 書局信息",无,无
196,新刻十五貫金環記全本二卷,第三冊,483,无,清省城丹柱堂刻，粵東省城狀元坊內太平新街以文堂印本,"丹柱堂, 以文堂",中山大學中國非物質文化遺產研究中心,无,"插畫, 書名, 書局信息",原書版框高一五四毫米 寬一一二毫米,无
197,新緝七國孫臏全本四卷,第三冊,500,无,清翰經堂刻佛山文光樓印本,"文光樓, 翰經堂",國家圖書館,无,"故事情節/內容, 書名, 書局信息",原書版框高一六五毫米 寬一一三毫米,无
198,新刻三合明珠方倫全本四卷,第三冊,538,无,清省城五桂堂刻本,廣州五桂堂,廣東省立中山圖書館,无,"插畫, 書名, 書局信息, 畫家信息",清 祁秀昌 選，原書版框高一六九毫米 寬一一五毫米,无
199,新選三合明珠寶劍全本初集至五續二十卷,第三冊,567,南音,清丹柱堂刻省城歸德門內學院前璧經堂印本,"丹柱堂, 璧經堂",國家圖書館,无,"分類, 插畫, 書名, 書局信息",无,封面寫“新刻南音全本”
200,新刻正字三合明珠寶劍全本初集至五集二十卷,第四冊,1,无,清末民國廣州以文堂 五桂堂刻本,"以文堂, 廣州五桂堂",廣州圖書館,无,"插畫, 書名, 書局信息, 畫家信息",无,无
201,新選三娘汲水智遠全傳四卷,第四冊,121,无,民國廣州市光復中路醉經書局刻本,醉經書局,復旦大學圖書館,无,"插畫, 書名, 書局信息, 書局廣告",清 程氏梅莊逸史 編輯，原書版框高一六六毫米 寬一二〇毫米,无
202,新選三娘汲水全本四卷(缺卷一卷二),第四冊,143,无,民國廣州市第七甫五桂堂刻本,廣州五桂堂,臺北傅斯年圖書館,无,"插畫, 書名, 書局信息, 畫家信息",无,无
203,新刻三國志全書初集至四集十六卷,第四冊,158,无,清莞城富文堂 省城丹柱堂刻民國廣州市醉經堂印本,"丹柱堂, 富文堂, 醉經堂",中山大學圖書館,无,"插畫, 書名, 書局信息, 書局廣告, 畫家信息",原書版框高一六〇毫米 寬一一五毫米,封面寫《一才子三國初集》
204,新本袁青嬋金玉嬋宋月容相知還陽配合田生 天台三寶麗珠記全本前集六卷後集六卷,第四冊,287,无,清佛鎮福祿里文光樓刻本,文光樓,中山大學中國非物質文化遺產研究中心,无,"故事情節/內容, 書名, 書局信息",題 半醒居士 訂，原書版框高一六六毫米 寬一一〇毫米,另一藏本位於廣東省立中山圖書館，據兩個藏本對照影印
205,新選正字宋太祖下南唐初集至四集十六卷,第四冊,370,无,民國省港五桂堂刻石叻牛車水永成書莊印本,"廣州五桂堂, 永成書莊",廣州大典研究中心,无,"插畫, 書名, 書局信息, 藥廠廣告",无,无
206,新選大宋二下南唐全本四卷,第四冊,463,南音,清丹柱堂刻粵東省城狀元坊太平新街以文堂印本,"丹柱堂, 以文堂",首都圖書館,无,"分類, 書名, 書局信息",无,封面寫“新出南音”
207,接續三下南唐全本四卷,第四冊,494,无,清莞城萃英樓刻本,萃英樓,廣州大典研究中心,无,"故事情節/內容, 書名, 書局信息",无,无
208,新刻四下南唐尾花解語全本四卷,第四冊,528,无,清莞城萃英樓刻本,萃英樓,日本松浦恒雄先生藏本,无,"書名, 書局信息, 酒莊廣告",无,无
209,新刻正字大唐仁貴征西全本四卷,第四冊,555,无,民國廣州市第七甫五桂堂刻本,廣州五桂堂,廣州大典研究中心,无,"插畫, 書名, 書局信息, 書局廣告, 畫家信息, 藥廠廣告",原書版框高一六〇毫米 寬一一五毫米,无
210,接續大唐征西二棄梨花記四卷,第四冊,585,无,民國省港五桂堂刻本,廣州五桂堂,廣東省立中山圖書館,无,"插畫, 書名, 書局信息, 畫家信息, 藥廠廣告",原書版框高一七〇毫米 寬一一八毫米,无
211,後續大唐三棄梨花全本四卷,第四冊,613,无,清莞城萃英樓刻本,萃英樓,廣州大典研究中心,无,"故事情節/內容, 書名, 書局信息",原書版框高一五二毫米 寬一一四毫米,无
212,後續大唐三棄梨花全本四卷,第四冊,643,南音,民國廣州市光復中路醉經書局刻本,醉經書局,廣州大典研究中心,无,"分類, 插畫, 書名, 書局信息, 書局廣告, 畫家信息",原書版框高一六〇毫米 寬一一〇毫米,封面寫“好唱南音”
213,新刻正字仁貴征東紅衣記全本四卷,第四冊,667,无,民國廣州市光復中路醉經書局刻本,醉經書局,廣東省立中山圖書館,无,"插畫, 書名, 書局信息, 書局廣告",原書版框高一七〇毫米 寬一一八毫米,封面書名“征東全”
214,新刻正字仁貴征東紅衣記全本四卷,第五冊,1,无,民國廣州市第七甫五桂堂刻本,廣州五桂堂,廣東省立中山圖書館,无,"插畫, 書名, 書局信息, 書局廣告, 畫家信息, 藥廠廣告",原書版框高一六七毫米 寬一二〇毫米,无
215,後續仁貴征東丁山射雁全本四卷,第五冊,31,无,民國廣州市光復中路□□堂醉經書局印本,醉經書局,廣州大典研究中心,无,"插畫, 書名, 書局信息, 書局廣告",原書版框高一六五毫米 寬一一三毫米,无
216,新刻井底結釵全本六卷,第五冊,62,无,清莞城萃英樓刻民國廣州市太平新街以文堂印本,"以文堂, 萃英樓",中山大學中國非物質文化遺產研究中心,无,"插畫, 書名, 書局信息, 畫家信息",原書版框高一六三毫米 寬一一三毫米,无
217,新刻天賜花裙全本四卷,第五冊,105,无,清省城丹柱堂刻第七甫五桂堂印本,"丹柱堂, 廣州五桂堂",臺北傅斯年圖書館,无,"插畫, 書名, 書局信息",清 程氏梅莊逸史 編，原書版框高一八〇毫米 寬一一三毫米,无
218,新選五色神旗初集至四集十六卷,第五冊,134,无,清省城第七甫丹柱堂刻民國廣州市第七甫醉經堂印本,"丹柱堂, 醉經堂",英國倫敦大學亞非學院圖書館,无,"插畫, 書名, 書局信息, 畫家信息",題 閒情居士 撰,无
219,新選五色荷花全本六卷,第五冊,278,无,清光緒二十九年莞城孖廟前翰文堂刻本,翰文堂,復旦大學圖書館,无,"年份, 書名, 書局信息",无,无
220,新造五色蘭花全本四卷,第五冊,334,无,清莞城萃英樓刻本,萃英樓,國家圖書館,无,"故事情節/內容, 書名, 書局信息",清 尹志超 撰,无
221,新造五色蘭花全本四卷,第五冊,370,无,清第七甫五桂堂刻本,廣州五桂堂,佛山市博物館,无,"插畫, 書名, 書局信息, 畫家信息, 藥廠廣告",无,无
222,新選全本五虎平西初集至五集二十卷,第五冊,406,无,清佛山福祿大街脩竹齋刻光緒二十七年佛山芹香閣印本,"脩竹齋, 芹香閣",復旦大學圖書館,无,"年份, 書名, 書局信息",題 閒情居士 訂,无
223,新選全本五虎平南初集至四集十六卷,第五冊,577,无,清省城第七甫丹柱堂刻民國省港五桂堂印本,"丹柱堂, 廣州五桂堂",中山大學圖書館,无,"插畫, 書名, 書局信息, 藥廠廣告",原書版框高一六二毫米 寬一一四毫米,无
224,太子下漁舟初集至五集二十卷,第六冊,1,无,稿本,無信息,廣東省立中山圖書館,无,無封面,稿本,无
225,太子下漁舟初集至五集二十卷,第六冊,220,无,民國廣州市光復路省港五桂堂鉛印本,廣州五桂堂,中山大學圖書館,无,"插畫, 書名, 書局信息, 畫家信息, 藥廠廣告",原書版框高一六〇毫米 寬一一五毫米,无
226,訂緝新編日邊洪杏全本六卷,第六冊,338,无,清莞城萃英樓刻七甫丹柱堂印本,"丹柱堂, 萃英樓",復旦大學圖書館,无,"故事情節/內容, 書名, 書局信息",无,封面書名“日邊紅杏”
227,新刻正字反唐女媧鏡全本四卷,第六冊,399,无,民國廣州市第七甫醉經堂刻本,醉經堂,英國倫敦大學亞非學院圖書館,无,"插畫, 書名, 書局信息",无,无
228,新刻反唐女媧鏡全本四卷,第六冊,423,南音,民國香港荷里活道五桂堂刻本,香港五桂堂,法國陳慶浩先生藏本,无,"插畫, 書名, 書局信息, 書局廣告",原書版框高一六六毫米 寬一二〇毫米,封面寫“正字南音”
229,六女投江二卷,第六冊,454,无,民國鉛印本,無信息,佛山市順德圖書館,无,無封面,无,无
230,六女投江不分卷,第六冊,483,无,民國廣州市光復中路民智書店鉛印本,民智書店,廣州大典研究中心,无,書局廣告,无,无
231,新選全本六姑回門送嫁哭嘆時文三卷,第六冊,498,无,清省城廣文堂刻本,廣文堂,德國巴伐利亞州立圖書館,无,"故事情節/內容, 書名, 書局信息",无,无
232,訂正新刻全本六姑回門送嫁哭嘆時文三卷,第六冊,517,无,民國省港五桂堂刻本,廣州五桂堂,廣東省立中山圖書館,无,"插畫, 書名, 書局信息, 畫家信息",原書版框高一六六毫米 寬一二〇毫米,无
233,新選六美圖初集至四集二十四卷,第六冊,532,无,清正同文堂刻民國佛山走馬路芹香閣印本,"正同文堂, 芹香閣",廣東省立中山圖書館,无,"故事情節/內容, 書名, 書局信息",題 閒情居士 訂， 原書版框高一七三毫米 寬一一二毫米,无
234,新撰南音火燒阿房宮三卷,第六冊,766,无,民國省港五桂堂石印本,廣州五桂堂,廣州大典研究中心,无,"插畫, 書名, 書局信息, 書局廣告",无,无
235,新刻玉葵寶扇四卷,第六冊,781,无,清省城醉經堂刻本,醉經堂,佛山市博物館,无,"故事情節/內容, 書名, 書局信息",无,无
236,新刻正字玉葵寶扇四卷,第七冊,1,无,清末民國粵東省城第七甫五桂堂刻本,廣州五桂堂,廣東省立中山圖書館,无,"插畫, 書名, 書局信息, 藥廠廣告",原書版框高一五八毫米 寬一一五毫米,无
237,玉蘭全集一卷,第七冊,34,木魚,民國廣州市光復中華興書局鉛印本,華興書局,廣東省立中山圖書館,无,"分類, 書名, 書局信息",无,封面寫“最新木魚”
238,玉蘭全集一卷,第七冊,44,无,民國公益埠蘇杭街會文閣鉛印本,會文閣,廣州大典研究中心,无,"書名, 書局信息, 書局廣告",无,無封面，有封底信息
239,新選玉簫琴全本初集四卷二集四卷,第七冊,67,无,清芹香閣刻本,芹香閣,廣州圖書館,无,"書名, 書局信息", 清 程氏梅莊逸史 修輯，原書版框高一七二毫米 寬一一三毫米,无
240,新選石出香蓮記六卷,第七冊,125,无,清第七甫五桂堂刻本,廣州五桂堂,日本金文京先生藏本,无,"插畫, 書名, 書局信息, 畫家信息, 藥廠廣告",无,无
241,新訂四季蓮花全本四卷,第七冊,179,无,清佛山芹香閣刻民國廣州市光復中路醉經書局印本,"芹香閣, 醉經書局",中山大學圖書館,无,"分類, 插畫, 書名, 書局信息, 書局廣告",原書版框高一六二毫米 寬一一四毫米,无
242,新選全本生祭李彥貴二卷,第七冊,206,无,清省城翰經堂刻道光二十年德文堂印本,"德文堂, 翰經堂",日本京都大學人文科學研究所,无,"年份, 書名, 書局信息",无,无
243,新刻時興雷峰塔古蹟白蛇記全本四卷三十回,第七冊,221,南音,清聯益堂刻民國五桂堂印本,"廣州五桂堂, 聯益堂",廣東省立中山圖書館,无,"插畫, 書名, 書局信息, 書局廣告, 畫家信息, 藥廠廣告",无,內頁寫“雷峰塔南音”
244,新本白羅衫四卷,第七冊,244,无,清省城五桂堂刻本,廣州五桂堂,國家圖書館,无,"故事情節/內容, 書名, 書局信息",題 閒情居士 訂,无
245,新本白羅衫四卷,第七冊,282,无,清禪山會元樓刻民國廣州市第七甫醉經堂印本,"會元樓, 醉經堂",英國倫敦大學亞非學院圖書館,无,"插畫, 書名, 書局信息",題 閒情居士 訂，原書版框高一五四毫米 寬一一三毫米,无
246,新刻包公審郭槐龍鬚帕記全本二卷,第七冊,315,无,清□□堂刻民國廣州市太平新街以文堂印本,以文堂,臺北傅斯年圖書館,无,"插畫, 書名, 書局信息, 畫家信息",題 西堠居士 訂,无
247,老糠記二卷,第七冊,330,南音,清末民國廣州丹柱堂刻廣州醉經堂印本,"丹柱堂, 醉經堂",中山大學中國非物質文化遺產研究中心,无,"插畫, 書名, 書局信息",原書版框高一七〇毫米 寬一一五毫米,內頁書名《新出揸死仔依獻橋全本清唱南音老糠記》
248,接續再生緣新選再造天南音全本初集至四集十六卷十六回,第七冊,347,南音,清丹柱堂刻民國廣州市第七甫醉經堂印本,"丹柱堂, 醉經堂",中山大學圖書館,无,"插畫, 書名, 書局信息, 畫家信息",清 侯香葉夫人 訂，原書版框高一六二毫米 寬一一四毫米,无
249,新刻正字再生緣摘錦二卷,第七冊,538,无,清第七甫五桂堂刻本,廣州五桂堂,廣州圖書館,无,"書名, 書局信息, 畫家信息, 目錄, 藥廠廣告",原書版框高一五一毫米 寬一一一毫米,无
250,新刻正字再生緣摘錦二卷,第七冊,549,无,清末民國德文堂刻永成書莊印本,"德文堂, 永成書莊",廣州大典研究中心,无,"書名, 書局信息, 目錄",原書版框高一五二毫米 寬一一〇毫米,无
251,繡像全圖再生緣全傳□□卷(存卷七卷八),第七冊,557,无,民國石印本,無信息,廣州大典研究中心,无,無封面,无,无
252,新選原本西番棋子初集四卷,第七冊,573,无,清光緒二十一年芹香閣刻本,芹香閣,中山大學中國非物質文化遺產研究中心,无,"年份, 故事情節/內容, 書名, 書局信息",題 守拙主人 訂,无
253,後續西番棋子全本四卷,第七冊,611,无,清光緒二十一年芹香閣刻本,芹香閣,廣州圖書館,无,"年份, 故事情節/內容, 書名, 書局信息",題 閒情居士 訂,无
254,新刻正西番寶蝶全本二卷,第七冊,645,南音,民國五桂堂刻本,廣州五桂堂,日本京都大學人文科學研究所,无,"插畫, 書名, 書局信息, 書局廣告, 藥廠廣告",无,內頁插畫寫“南音”“挑線櫃”“文魁”
255,新刻繡像西廂第六才子全本二卷,第七冊,659,无,民國廣州市第七甫醉經堂刻本,醉經堂,中山大學圖書館,无,"插畫, 書名, 書局信息",原書版框高一六二毫米 寬一一四毫米,无
256,百八鐘十一卷,第七冊,672,无,清道光二十三年河南洪德大街文在茲刻本,文在茲,日本金文京先生藏本,无,書名,清 暘鼓瞽叟 撰,无
257,新本百八鐘不分卷,第七冊,700,无,清省城復初社刻雲梯閣印本,"復初社, 雲梯閣",廣州大典研究中心,无,"書名, 書局信息",无,无
258,朱買臣別妻一卷,第七冊,718,无,民國廣州市光復中路民智書店鉛印本,民智書店,廣東省立中山圖書館,无,"插畫, 書名, 書局信息",无,无
259,朱買臣別妻一卷,第七冊,727,木魚,民國公益埠蘇杭街會文閣鉛印本,會文閣,廣州大典研究中心,无,"書名, 書局信息",原書版框高一五九毫米 寬一〇〇毫米,封面“新出警世木魚”
260,伍員過關二卷,第七冊,737,无,清省城第七甫丹柱堂刻民國廣州市太平新街以文堂印本,"丹柱堂, 以文堂",臺北傅斯年圖書館,无,"插畫, 書名, 書局信息, 畫家信息",无,无
261,新刻花柳爭桃四卷(存卷二至卷四),第七冊,746,无,清道光九年莞城華翰堂刻本,華翰堂,廣州大典研究中心,无,"年份, 書名, 書局信息",无,无
262,靜淨齋第八才子書花箋記六卷(缺卷一),第八冊,1,无,清靜淨齋刻本,靜淨齋,法國國家圖書館,无,"書名, 書局信息",清 鐘戴蒼 批點,无
263,靜淨齋第八才子書花箋記六卷,第八冊,60,无,清福文堂刻本,福文堂,英國倫敦大學亞非學院圖書館,无,"書名, 書局信息",无,无
264,新刻正原本第八才子花箋書二卷,第八冊,176,无,清省城廣文堂刻本,廣文堂,德國巴伐利亞州立圖書館,无,"插畫, 書名, 書局信息",清 鐘映雪 評，清 廣文堂 訂,无
265,第八才子花箋書二卷,第八冊,202,无,民國大成書局刻本,大成書局,廣州大典研究中心,无,"插畫, 書名, 書局信息, 酒莊廣告",原書版框高一五六毫米 寬一一四毫米,无
266,新刻車龍花燈記二卷,第八冊,222,无,清汀城周日新堂刻本,周日新堂,國家圖書館,无,無封面,无,无
267,新刻正字車龍花燈記二卷,第八冊,237,无,民國廣州市第七甫醉經堂刻本,醉經堂,廣州大典研究中心,无,"故事情節/內容, 書名, 書局信息",原書版框高一五五毫米 寬一一二毫米,无
268,車龍賣燈一卷暗計贈銀一卷,第八冊,248,无,民國抄本,無信息,佛山市順德圖書館,无,"故事情節/內容, 書名",无,无
269,新刻牡丹亭還魂記全本初集四卷二集四卷,第八冊,258,无,清省城第七甫五桂堂刻本,廣州五桂堂,英國倫敦大學亞非學院圖書館,无,"插畫, 書名, 書局信息, 畫家信息, 藥廠廣告",清 程秋泉 編輯,无
270,新刻贈玉釵記原本正何文秀一卷,第八冊,316,无,清省城五桂堂刻本,廣州五桂堂,國家圖書館,无,"故事情節/內容, 書名, 書局信息",无,无
271,何文秀一卷,第八冊,323,无,民國抄本,無信息,佛山市順德圖書館,无,無封面,原書版框高一二五毫米 寬九五毫米,无
272,新選沉香太子全本四卷,第八冊,336,无,清省城第七甫□□堂刻民國廣州市光復路五桂堂印本,廣州五桂堂,中山大學圖書館,无,"插畫, 書名, 書局信息, 畫家信息, 藥廠廣告",原書版框高一六二毫米 寬一一四毫米,无
273,沉香寶扇二卷,第八冊,368,南音,清□□堂刻本,無信息,德國巴伐利亞州立圖書館,无,"分類, 故事情節/內容, 書名, 書局信息",題 風月主人 訂,封面寫“清唱南音”
274,新選清唱沉香寶扇南音二卷,第八冊,380,南音,清省城丹柱堂刻民國香港五桂堂印本,"丹柱堂, 香港五桂堂",法國陳慶浩先生藏本,无,"分類, 插畫, 書名, 書局信息, 書局廣告, 藥廠廣告",原書版框高一四六毫米 寬一〇五毫米,封面寫“好唱南音”
275,新刻姊妹拜七夕二卷,第八冊,389,无,清省城丹柱堂刻本,丹柱堂,復旦大學圖書館,无,"故事情節/內容, 書名, 書局信息",清 萃香堂 稿,无
276,新刻清唱拗碎靈芝記四卷,第八冊,395,无,清道光二十九年粵東省城第七甫五桂堂刻本,廣州五桂堂,廣東省立中山圖書館,无,"插畫, 書名, 書局信息",原書版框高一六三毫米 寬一一四毫米,无
277,重訂正字拗碎靈芝四卷,第八冊,436,无,清末民國省城第七甫五桂堂刻本,廣州五桂堂,廣州圖書館,无,"故事情節/內容, 書名, 書局信息",原書版框高一五八毫米 寬一一三毫米,无
278,重訂正字拗碎靈芝四卷,第八冊,471,无,民國粵東省城第七甫醉經堂刻本,醉經堂,廣州大典研究中心,无,"故事情節/內容, 書名, 書局信息, 書局廣告",原書版框高一五三毫米 寬一一〇毫米,无
279,新刻林招得黃玉英全本四卷,第八冊,505,无,民國廣州市第七甫以文堂刻本,以文堂,廣州大典研究中心,无,"插畫, 書名, 書局信息, 藥廠廣告",原書版框高一六七毫米 寬一一三毫米,无
280,改編林昭得黃玉英全本四卷,第八冊,525,无,民國鉛印本,無信息,廣州大典研究中心,无,"插畫, 書名, 書局信息, 藥廠廣告",原書版框高一六六毫米 寬一二〇毫米,无
281,後續臥龍太子後周四卷,第八冊,546,无,清莞城教場街萃英樓刻本,萃英樓,楊寶霖先生藏本,无,"書名, 書局信息",无,无
282,新選兩重花燭世間奇四卷,第八冊,589,无,民國十三年省城第七甫五桂堂刻本,廣州五桂堂,英國倫敦大學亞非學院圖書館,无,"年份, 書名, 書局信息",題 曷巧齋梁先生 參詳,无
283,新刻呼家後代全本南音五卷後續三卷,第八冊,624,无,清省城富桂堂刻民國省港五桂堂印本,"富桂堂, 廣州五桂堂",廣東省立中山圖書館,无,"插畫, 書名, 書局信息, 藥廠廣告",原書版框高一七〇毫米 寬一一〇毫米,无
284,金刀記初集至十四續五十六卷,第九冊,1,无,清莞城萃英樓刻本,萃英樓,國家圖書館,无,"故事情節/內容, 書名, 書局信息",原書版框高一六二毫米 寬一一四毫米,无
285,金山婆拜張王一卷,第九冊,450,木魚,民國十四年金山粵京現象活版社鉛印本,粵京現象活版社,中山大學中國非物質文化遺產研究中心,无,"分類, 書名",題 玄虛我生 編輯，江東遺恨 校訂；原書版框高一九〇毫米 寬一三〇毫米,封面寫“最新趣緻木魚”
286,新刻金生全本二卷,第九冊,459,无,清省城第七甫丹柱堂刻本,丹柱堂,國家圖書館,无,"故事情節/內容, 書名, 書局信息",无,无
287,新刻正字金生全本二卷,第九冊,472,南音,清□□堂刻民國香港荷里活道五桂堂印本,香港五桂堂,廣東省立中山圖書館,无,"分類, 插畫, 書名, 書局信息, 書局廣告",原書版框高一五七毫米 寬一二〇毫米,封面寫“正字南音”
288,新選全本金戒指五卷,第九冊,484,无,清省城文賢堂、五書堂刻，民國廣州市第七甫醉經堂印本,"五書堂, 文賢堂, 醉經堂",中山大學圖書館,无,"插畫, 書名, 書局信息, 畫家信息",題 閒情居士撰,无
289,新金盆玉樹南音二卷,第九冊,524,南音,清省城丹柱堂刻廣州狀元坊太平新街以文堂印本,"丹柱堂, 以文堂",臺北傅斯年圖書館,无,"插畫, 書名, 書局信息, 畫家信息",无,內頁寫“新金盆玉樹南音”
290,新選正金盆玉樹苦怨金生全本八卷,第九冊,532,无,民國廣州市第七甫醉經堂刻本,醉經堂,中山大學中國非物質文化遺產研究中心,无,"插畫, 書名, 書局信息, 畫家信息",題 馬氏海角散人 編輯，程氏梅莊逸史 重評；原書版框高一六八毫米 寬一一五毫米,无
291,繪圖真本驚世木魚金剛鑽二卷,第九冊,584,木魚,清末民國鉛印本,無信息,廣州大典研究中心,无,插畫,原書版框高一八五毫米 寬一二〇毫米,无
292,全套賽韓湘趙昂九嫂秈燈籠頭金鈪金釵記四卷,第九冊,601,无,清第七甫丹柱堂刻粵東省城第七甫五桂堂印本,"丹柱堂, 廣州五桂堂",廣州大典研究中心,无,"插畫, 書名, 書局信息",原書版框高一六〇毫米 寬一〇九毫米,无
293,新刻再訂全本金葉菊初集四卷二集四卷,第九冊,632,无,清省城三益堂刻羊城學院前璧經堂印本,"三益堂, 璧經堂",復旦大學圖書館,无,"書名, 書局信息",題 西堠居士 訂,无
294,新刻正字金葉菊四卷,第九冊,688,无,清第七甫□□堂刻民國香港荷里活道五桂堂印本,香港五桂堂,廣州圖書館,无,"分類, 插畫, 書名, 書局信息, 書局廣告",原書版框高一六〇毫米 寬一二一毫米,封面寫“正字南音”
295,金絲蝴蝶一卷,第九冊,722,无,民國廣州市光復中路大成書局鉛印本,大成書局,廣州大典研究中心,无,"插畫, 書名, 書局信息",无,无
296,新選金絲蝴蝶全本五卷,第十册,1,无,清省城德文堂刻本,德文堂,國家圖書館,无,無封面,清 抱璞樓主人 編次,无
297,金絲蝴蝶不分卷,第十册,41,无,民國鉛印本,無信息,佛山市順德圖書館,无,無封面,原書版框高一八五毫米 寬一二八毫米,无
298,新刻正字金絲蝴蝶全本五卷,第十册,98,无,清末民國第七甫醉經書局刻本,醉經書局,廣州圖書館,无,"插畫, 故事情節/內容, 書名, 書局信息",原書版框高一五七毫米 寬一一六毫米,无
299,新續金絲蝴蝶全本五卷(缺卷四卷五),第十册,129,无,清光緒九年莞城萃英樓刻本,萃英樓,廣州大典研究中心,无,"年份, 故事情節/內容, 書名, 書局信息",原書版框高一六九毫米 寬一一〇毫米,无
300,續金絲蝴蝶全本五卷,第十册,150,无,民國廣州市太平新街以文堂刻本,以文堂,廣州圖書館,无,"故事情節/內容, 書名, 書局信息",原書版框高一五七毫米 寬一一八毫米,无
301,新刻第十才子金鎖鴛鴦四卷,第十册,182,无,清莞城富文堂刻本,富文堂,復旦大學圖書館,无,"故事情節/內容, 書名, 書局信息",清 鍾壁蒼 較訂,无
302,新編警世木魚周氏反嫁全集三十四回,第十册,222,木魚,民國廣州市光復中路華興書局鉛印本,華興書局,廣東省立中山圖書館,无,"分類, 書名, 書局信息",余瑞珊編輯,封面寫“最新木魚”
303,狐造奇緣全本四卷,第十册,243,无,清莞城富文堂刻民國五桂堂印本,"富文堂, 廣州五桂堂",中山大學中國非物質文化遺產研究中心,无,"插畫, 書名, 書局信息",原書版框高一六九毫米 寬一一五毫米,无
304,新輯趣緻南音妲己戀紂王全集不分卷,第十册,273,南音,民國廣州市華興書局鉛印本,華興書局,廣東省立中山圖書館,无,"插畫, 書名, 書局信息",余瑞珊編輯,內頁寫“新輯趣緻南音”
305,送寒衣湘子記二卷,第十册,285,无,清德文堂刻本,德文堂,廣東省立中山圖書館,无,"故事情節/內容, 書名, 書局信息",原書版框高一六五毫米 寬一一八毫米,无
306,新刻正字夜送寒衣全套二卷,第十册,298,无,民國廣州市第七甫五桂堂刻本,廣州五桂堂,中山大學圖書館,无,"插畫, 書名, 書局信息, 書局廣告, 畫家信息, 藥廠廣告",原書版框高一六二毫米 寬一一四毫米,无
307,新刻荊枝記全書二卷,第十册,310,无,清光緒十三年莞城萃英樓刻本,萃英樓,廣州大典研究中心,无,"年份, 書名, 書局信息",題 半愚山人 撰；原書版框高一七九毫米 寬一一五毫米,无
308,新選全本荊釵記四卷,第十册,331,无,清省城第七甫丹柱堂刻民國省港五桂堂印本,"丹柱堂, 廣州五桂堂",中山大學圖書館,无,"插畫, 書名, 書局信息, 藥廠廣告",題 守拙主人 訂；原書版框高一六二毫米 寬一一四毫米,无
309,新選後續荊釵記四卷,第十册,366,无,清省城第七甫丹柱堂刻民國省港五桂堂印本,"丹柱堂, 廣州五桂堂",中山大學圖書館,无,"插畫, 書名, 書局信息, 藥廠廣告",題 閒情居士 訂；原書版框高一六二毫米 寬一一四毫米,无
310,新出荔枝記二卷,第十册,401,无,清丹柱堂刻民國廣州市太平新街以文堂印本,"丹柱堂, 以文堂",英國倫敦大學亞非學院圖書館,无,"插畫, 書名, 書局信息, 畫家信息",无,无
311,新選柳陸烟容全本五卷,第十册,410,无,清道光十七年莞城會源堂刻本,會源堂,國家圖書館,无,"年份, 書名, 書局信息",清 客花主人 鑒定,无
312,新選背解紅羅全本六卷後續六卷,第十册,442,无,清省城學院前富桂堂刻芹香閣印本,"富桂堂, 芹香閣",廣東省立中山圖書館,无,"故事情節/內容, 書名, 書局信息",原書版框高一六〇毫米 寬一一五毫米,无
313,新選正字初集背解紅羅全本六卷,第十册,553,南音,清末民國省城第七甫五桂堂刻太平新街以文堂印本,"以文堂, 廣州五桂堂",廣州大典研究中心,无,"故事情節/內容, 書名, 書局信息",原書版框高一六六毫米 寬一一五毫米,封面“蘇金定走難南音”
314,新選正字初集背解紅羅全本六卷後續六卷,第十册,597,南音,民國五桂堂書局刻本,香港五桂堂,廣州大典研究中心,无,"插畫, 書名, 書局信息, 書局廣告",原書版框高一五三毫米 寬一〇六毫米,封面寫“正字南音”
315,新刻全本昭君出塞雙鳳奇緣四卷,第十一冊,1,无,清省城□□堂刻民國省港五桂堂印本,廣州五桂堂,中山大學圖書館,无,"插畫, 書名, 書局信息, 藥廠廣告",原書版框高一六二毫米 寬一一四毫米,封面書名《昭君出賽》
316,收妲己二卷,第十一冊,25,南音,清廣文堂刻本,廣文堂,德國巴伐利亞州立圖書館,无,"分類, 書名, 書局信息",題 靜觀主人 訂,封面書名《哪吒收妲己南音》
317,新刻哪吒收妲己全本二卷,第十一冊,37,南音,清省城五桂堂刻本,廣州五桂堂,國家圖書館,无,"分類, 書名, 書局信息",題 靜觀主人 訂,封面書名《哪吒收妲己南音》
318,新刻奕朋種花全本四卷,第十一冊,48,无,民國省港五桂堂刻本,廣州五桂堂,中山大學圖書館,无,"插畫, 書名, 書局信息, 畫家信息, 藥廠廣告",原書版框高一六二毫米 寬一一四毫米,无
319,美女偷香二卷,第十一冊,66,无,清廣文堂刻本,廣文堂,德國巴伐利亞州立圖書館,无,"書名, 書局信息",无,无
320,新選洛陽橋記全本三卷,第十一冊,78,南音,民國五桂堂刻本,廣州五桂堂,日本松浦恒雄先生藏本,无,"分類, 插畫, 書名, 書局信息, 書局廣告, 藥廠廣告",无,封面“機板正字好唱南音”
321,新選神針寶扇全本南音四卷,第十一冊,98,南音,民國廣州市光復中路醉經書局刻本,醉經書局,中山大學圖書館,无,"插畫, 書名, 書局信息, 書局廣告",原書版框高一六二毫米 寬一一四毫米,內頁題名“新選神針寶扇全本南音”
322,新選神盒影容記全本四卷,第十一冊,134,无,清第七甫五桂堂刻本,廣州五桂堂,中山大學圖書館,无,"插畫, 書名, 書局信息, 藥廠廣告",原書版框高一六二毫米 寬一一四毫米,无
323,新選飛龍傳匡胤出身全本四卷,第十一冊,180,无,民國省港五桂堂刻本,廣州五桂堂,中山大學圖書館,无,"插畫, 書名, 書局信息, 畫家信息, 藥廠廣告",原書版框高一六二毫米 寬一一四毫米,无
324,新刻正字紅樓夢南音全套四卷,第十一冊,219,无,民國廣州市第七甫五桂堂刻本,廣州五桂堂,廣州大典研究中心,无,"插畫, 書名, 書局信息, 畫家信息, 藥廠廣告",原書版框高一六二毫米 寬一一二毫米,无
325,秦雪梅一卷,第十一冊,247,无,清刻本,無信息,廣州圖書館,无,無封面,无,无
326,新刻節孝荼薇記全本三卷,第十一冊,257,无,清廣文堂刻本,廣文堂,德國巴伐利亞州立圖書館,无,"書名, 書局信息",无,无
327,新刻荼薇記銀嬌全本三卷,第十一冊,280,无,民國廣州市第七甫五桂堂刻本,廣州五桂堂,廣州大典研究中心,无,"故事情節/內容, 書名, 書局信息",原書版框高一五九毫米 寬一一八毫米,无
328,莞音擇錦選本不分卷,第十一冊,300,无,民國抄本,無信息,楊寶霖先生藏本,无,書名,題 蒼野老人 重校,无
329,桂枝告狀一卷,第十一冊,323,无,清末民國抄本,無信息,廣東省立中山圖書館,无,"分類, 書名",无,封面“□□木魚”
330,新刻桂枝寫狀柳絲琴全本二卷,第十一冊,343,无,清省城五桂堂刻本,廣州五桂堂,北京師範大學圖書館,无,"故事情節/內容, 書名, 書局信息",无,无
331,新刻正字桂枝寫狀柳絲琴全本二卷,第十一冊,358,无,民國廣州市第七甫五桂堂刻本,廣州五桂堂,廣東省立中山圖書館,无,"插畫, 書名, 書局信息, 畫家信息, 藥廠廣告",原書版框高一六四毫米 寬一一八毫米,无
332,新選連成金玉記四卷,第十一冊,370,无,清莞城萃英樓刻廣州太平新街以文堂印本,"以文堂, 萃英樓",臺北傅斯年圖書館,无,"插畫, 書名, 書局信息, 畫家信息",无,无
333,新出大宋高文舉珍珠記四卷,第十一冊,405,无,民國廣州市第七甫醉經堂刻本,醉經堂,廣州大典研究中心,无,"插畫, 書名, 書局信息, 書局廣告",原書版框高一五三毫米 寬一一二毫米,无
334,新選粉粧樓羅家後代全本初集至六集二十四卷,第十一冊,426,无,清粵東省城五桂堂 以文堂刻本,"以文堂, 廣州五桂堂",中山大學圖書館,无,"故事情節/內容, 書名, 書局信息",原書版框高一六二毫米 寬一一四毫米,无
335,新選粉粧樓全本二集至六集二十卷,第十一冊,583,无,清教場街萃英樓刻本,萃英樓,廣州大典研究中心,无,"故事情節/內容, 書名, 書局信息",原書版框高一六五毫米 寬一一三毫米,无
336,新刻陳世美三官堂琵琶記二卷,第十二冊,1,无,清省城廣文堂刻本,廣文堂,德國巴伐利亞州立圖書館,无,"書名, 書局信息",无,无
337,新刻陳世美三官堂琵琶記全本四卷,第十二冊,31,南音,清粵東省太平新街以文堂刻本,以文堂,廣州大典研究中心,无,"分類, 插畫, 書名, 書局信息",原書版框高一五八毫米 寬一一三毫米,封面寫“新出南音”
338,陳生賣鼓槓一卷,第十二冊,57,无,民國廣州光復中路華興書局鉛印本,華興書局,廣東省立中山圖書館,无,"插畫, 書名, 書局信息, 藥廠廣告",无,无
339,陳生賣鼓槓一卷,第十二冊,73,无,民國石印本,無信息,廣州大典研究中心,无,無封面,无,无
340,新選正字陳姑追舟四卷,第十二冊,81,无,清末民國五桂堂刻本,廣州五桂堂,中山大學圖書館,无,"插畫, 書名, 書局信息, 藥廠廣告",原書版框高一六二毫米 寬一一四毫米,无
341,玉龍太子走國陰陽扇全本初集至八集八十卷,第十二冊,103,无,清佛山舍人後街近文堂刻本,近文堂,廣東省立中山圖書館,无,"故事情節/內容, 書名, 書局信息",清 梁紹仁撰，題閒情居士、幽閒主人、清閒居士 訂；原書版框高一六四毫米 寬一一四毫米,无
342,新刻全本陰陽扇三卷,第十三冊,1,无,民國廣州市太平新街以文堂刻本,以文堂,復旦大學圖書館,无,"插畫, 書名, 書局信息",无,无
343,桑園試妻一卷,第十三冊,27,无,民國抄本,無信息,佛山市順德圖書館,无,書名,无,无
344,正宗梅李爭花真本四卷(存卷一卷二),第十三冊,41,无,清明秀堂刻本,明秀堂,德國巴伐利亞州立圖書館,无,"書名, 書局信息",无,无
345,新選梅李爭花全本四卷,第十三冊,61,无,清省城丹柱堂刻民國廣州市第七甫醉經堂印本,"丹柱堂, 醉經堂",廣東省立中山圖書館,无,"插畫, 書名, 書局信息",原書版框高一六八毫米 寬一一六毫米,无
346,新編節義傳芳雪梅記四卷,第十三冊,100,无,清□□堂刻民國省港五桂堂印本,廣州五桂堂,中山大學圖書館,无,"插畫, 書名, 書局信息, 藥廠廣告",原書版框高一六二毫米 寬一一四毫米,无
347,新刻崔文瑞張四姐南音全本二卷,第十三冊,144,南音,清省城丹柱堂刻民國廣州市太平新街以文堂印本,"丹柱堂, 以文堂",中山大學中國非物質文化遺產研究中心,无,"插畫, 書名, 書局信息, 畫家信息",原書版框高一六八毫米 寬一一四毫米,內頁標題“新刻崔文瑞張四姐南音全本”
348,新編繡像偶遇奇緣全本二卷,第十三冊,158,无,清省城第七甫丹柱堂刻五桂堂印本,"丹柱堂, 廣州五桂堂",英國倫敦大學亞非學院圖書館,无,"書名, 書局信息",无,封面標題《陳探花南》
349,清閒摘錦不分卷,第十三冊,175,无,清末民國第七甫五桂堂刻本,廣州五桂堂,臺北傅斯年圖書館,无,"插畫, 書名, 書局信息, 畫家信息",无,无
350,深閨夜話不分卷,第十三冊,182,无,清同治元年刻本,無信息,北京師範大學圖書館,无,"年份, 書名",无,按木魚身、木魚頭、口等順序進行說教，一直唱到木魚尾
351,全本梁山伯即係牡丹記南音二卷,第十三冊,196,南音,清莞城萃英樓刻本,萃英樓,廣州大典研究中心,无,"故事情節/內容, 書名, 書局信息",无,內頁開頭“全本梁山伯即係牡丹記南音”
352,重訂梁山伯牡丹記南音二卷,第十三冊,218,南音,清末民國第七甫大新書局刻本,大新書局,廣州大典研究中心,无,"故事情節/內容, 書名, 書局信息",題 大新書局重訂； 原書版框高一六〇毫米 寬一一四毫米,內頁開頭“重訂梁山伯牡丹記南音”
353,新輯梁山伯祝英台全集三十二回,第十三冊,237,无,民國二十年赤坎新開培記書局鉛印本,培記書局,廣州大典研究中心,无,無封面,余瑞姍 編輯,无
354,梁山伯祝英台十八回,第十三冊,281,无,民國三十六年上海廣益書局鉛印本,廣益書局,佛山市博物館,无,"插畫, 書名",胡協寅 校勘,封底寫有出版信息
355,梁夢嬌遊拾殿一卷,第十三冊,294,无,民國鉛印本,無信息,廣州圖書館,无,無封面,无,无
356,新刻隋唐大伐南陳胭脂井記四卷,第十三冊,327,无,清莞城萃英樓刻道光十六年莞城會源堂印本,"會源堂, 萃英樓",臺北傅斯年圖書館,无,"年份, 故事情節/內容, 書名, 書局信息",无,无
357,新續隋唐大開花燈記四卷,第十三冊,364,无,清光緒十三年莞城萃英樓刻本,萃英樓,臺北傅斯年圖書館,无,"年份, 故事情節/內容, 書名, 書局信息",无,无
358,趙五娘琵琶記一卷,第十三冊,398,无,民國鉛印本,無信息,廣州大典研究中心,无,"插畫, 書名",无,无
359,新選第七才子書蔡伯喈琵琶記全本四卷,第十三冊,405,无,清粵東省城狀元坊太平新街以文堂刻本,以文堂,復旦大學圖書館,无,"插畫, 書名, 書局信息",无,无
360,新刻全本琥珀釵記四卷,第十三冊,441,无,清第七甫五桂堂刻本,廣州五桂堂,中山大學圖書館,无,"插畫, 書名, 書局信息, 藥廠廣告",原書版框高一六二毫米 寬一一四毫米,无
361,新刻琥珀鳳釵柳希雲全本南音六卷後續六卷,第十三冊,477,南音,清刻本,無信息,廣州大典研究中心,无,書名,原書版框高一六八毫米 寬一一五毫米,內頁標題“新刻琥珀鳳釵柳希雲全本南音”
362,新刻琥珀鳳釵柳希雲全本南音六卷後續六卷,第十三冊,578,无,民國廣州市光復中路醉經書局刻本,醉經書局,中山大學圖書館,无,"插畫, 書名, 書局信息, 書局廣告",原書版框高一六二毫米 寬一一四毫米,无
363,新選全本琥珀蘭簪六卷,第十三冊,682,无,清末民國廣州第七甫醉經堂刻本,醉經堂,中山大學中國非物質文化遺產研究中心,无,"插畫, 書名, 書局信息, 畫家信息",題 閒情居士訂；原書版框高一六九毫米 寬一一六毫米,无
364,新刻全套黃飛虎反五關南音二卷,第十三冊,745,南音,清五桂堂刻本,廣州五桂堂,英國倫敦大學亞非學院圖書館,无,"書名, 書局信息",无,內頁標題“新新刻全套黃飛虎反五關南音”
365,新選萬花樓全本五卷二續五卷三續五卷四續五卷,第十四冊,1,无,清近文堂、萃英樓刻狀元坊太平新街以文堂印本,"以文堂, 萃英樓, 近文堂",廣州圖書館,无,"故事情節/內容, 書名, 書局信息",原書版框高一七〇毫米 寬一二一毫米,无
366,新選萬宿梁蕭全部四卷,第十四冊,166,无,清乾隆四十三年明秀堂刻本,明秀堂,德國巴伐利亞州立圖書館,无,"年份, 書名, 書局信息",原書版框高一六九毫米 寬一一六毫米,无
367,新刻董永全套仲舒尋母三卷,第十四冊,211,无,清末民國丹柱堂刻五桂堂印本,"丹柱堂, 廣州五桂堂",英國倫敦大學亞非學院圖書館,无,"插畫, 書名, 書局信息, 藥廠廣告",清馬學愚編,无
368,新選全本朝上鶯歌記四卷,第十四冊,232,无,清省城第七甫五桂堂刻本,廣州五桂堂,中山大學圖書館,无,"插畫, 書名, 書局信息, 畫家信息, 藥廠廣告",原書版框高一六二毫米 寬一一四毫米,无
369,新選全本朝上鶯歌記四卷,第十四冊,267,南音,民國五桂堂刻本,廣州五桂堂,廣州大典研究中心,无,"分類, 插畫, 書名, 書局信息, 藥廠廣告",原書版框高一五四毫米 寬一一九毫米,封面“機板正字好唱南音”
370,新選全本朝上鶯歌記四卷,第十四冊,302,无,民國廣州市光復中路醉經書局刻本,醉經書局,廣州大典研究中心,无,"插畫, 書名, 書局信息, 書局廣告",原書版框高一六〇毫米 寬一一一毫米,无
371,新選全本葵花記四卷,第十四冊,335,无,清末民國五桂堂刻本,廣州五桂堂,復旦大學圖書館,无,"插畫, 書名, 書局信息, 畫家信息",題閒情居士訂,无
372,新選十一才子雁翎媒全本四卷,第十四冊,370,无,清省城丹柱堂刻本,丹柱堂,廣東省立中山圖書館,无,"故事情節/內容, 書名, 書局信息",原書版框高一六五毫米 寬一一八毫米,无
373,新刻正紫霞杯南音四卷,第十四冊,408,南音,清佛山□□堂刻民國廣州市第七甫醉經堂印本,醉經堂,廣州大典研究中心,无,"插畫, 書名, 書局信息",原書版框高一五七毫米 寬一一四毫米,內頁書名《新刻全本正紫霞杯南音》
374,新刻正字紫霞杯南音四卷,第十四冊,446,南音,清末民國第七甫五桂堂刻本,廣州五桂堂,廣州圖書館,无,"插畫, 書名, 書局信息",原書版框高一五九毫米 寬一一六毫米,內頁書名《新刻正字全本正紫霞杯南音》
375,新本蛛絲琴初集二卷,第十四冊,479,南音,清末民國五桂堂刻本,廣州五桂堂,中山大學中國非物質文化遺產研究中心,无,"插畫, 書名, 書局信息, 畫家信息",无,內頁書名《新本南音蛛絲琴初集》
376,御結荼蘼原本六卷,第十四冊,488,无,清末民國五桂堂刻本,廣州五桂堂,中山大學圖書館,无,"故事情節/內容, 書名, 書局信息",原書版框高一六二毫米 寬一一四毫米,无
377,新刻番寶名琴全本三卷,第十四冊,532,无,清莞城萃英樓刻嘉慶十二年莞城會源堂印本,"會源堂, 萃英樓",中山大學圖書館,无,"年份, 書名, 書局信息",原書版框高一六二毫米 寬一一四毫米,无
378,新編訂選番寶香囊四卷,第十四冊,560,无,清莞城教場街萃英樓刻本,萃英樓,復旦大學圖書館,无,"書名, 書局信息",无,无
379,新選番寶海棠全本四卷,第十四冊,599,无,清光緒十三年莞城萃英樓刻本,萃英樓,中山大學圖書館,无,"年份, 故事情節/內容, 書名, 書局信息",原書版框高一六二毫米 寬一一四毫米,无
380,寒興取柴一卷,第十四冊,623,木魚,民國台山新昌埠西橋路文明閣書莊鉛印本,文明閣書莊,中山大學中國非物質文化遺產研究中心,无,"分類, 插畫, 書名, 書局信息",无,封面“新出苦情木魚書”
381,寒興取柴一卷,第十四冊,636,木魚,民國廣州光復中路華興書局鉛印本,華興書局,廣州大典研究中心,无,"插畫, 書名, 書局信息, 藥廠廣告",无,內頁“新出苦情警示木魚”
382,寒興取柴一卷三姑妹一卷附三姑妹龍舟歌一卷,第十四冊,648,无,民國廣州市光復中路民智書店、大成書局鉛印本,"大成書局, 民智書店",廣州大典研究中心,无,無封面,无,无
383,新選瑞英屏桃花送藥四卷,第十四冊,656,无,清省城第七甫丹柱堂刻本,丹柱堂,復旦大學圖書館,无,"故事情節/內容, 書名, 書局信息",无,无
384,大宋楊文廣進香不分卷,第十五冊,1,无,抄本,無信息,廣東省立中山圖書館,无,無封面,无,无
385,新刻楊家大破天門陣全本初集至四集二十四卷,第十五冊,129,无,清第七甫丹柱堂 省城九曜坊榮德堂刻本,"丹柱堂, 榮德堂",國家圖書館,无,"故事情節/內容, 書名, 書局信息",題閒情居士訂,无
386,新木魚頭一卷,第十五冊,333,南音,清□□堂刻本,無信息,北京師範大學圖書館,无,"分類, 書名",无,封面寫“盛世南音”
387,新選全本慈雲走國一集至五集三十卷,第十五冊,338,无,清省城學院前九曜坊□□堂刻粵東廣州狀元坊太平新街以文堂印本,以文堂,廣東省立中山圖書館,无,"書名, 書局信息",題 閒情居士訂；原書版框高一六八毫米 寬一一四毫米,无
388,新選慈銀太子走國初集至三集十八卷,第十五冊,610,无,清省城載經堂刻第八甫右經堂印本,"右經堂, 載經堂",國家圖書館,无,"故事情節/內容, 書名, 書局信息",題 閒情居士訂,无
389,新選福祿明珠記二卷,第十六册,1,无,清省城第七甫丹柱堂刻本,丹柱堂,國家圖書館,无,無封面,无,无
390,新刻大宋群英傑記奸奴害主王文英遇救仲淹訪察楊家女將破陣全本南音初集至四集十六卷,第十六册,12,南音,清佛山福祿里進文堂刻民國廣州市光復路五桂堂印本,"廣州五桂堂, 進文堂",復旦大學圖書館,无,"插畫, 書名, 書局信息, 藥廠廣告",題半醒居士訂,內頁寫“新刻大宋群英傑記奸奴害主王文英遇救仲淹訪察楊家女將破陣全本南音”
391,新刻碧玉帶全本四卷,第十六册,145,无,清以文堂刻本,以文堂,復旦大學圖書館,无,"故事情節/內容, 書名, 書局信息",原書版框高一六七毫米 寬一二五毫米,无
392,新選全本碧桃仙帕四卷,第十六册,183,南音,清省城丹柱堂刻歸德門內學院前街璧經堂印本,"丹柱堂, 璧經堂",廣州大典研究中心,无,"分類, 書名, 書局信息",題 閒情居士 稿,封面寫“新刻南音全本”
393,新選全本正字碧桃仙帕四卷,第十六册,215,无,民國五桂堂石印本,廣州五桂堂,廣州圖書館,无,"插畫, 書名, 書局信息, 藥廠廣告",原書版框高一六六毫米 寬一一三毫米,无
394,新編壽星橋祭奠鳳嬌投水全集不分卷,第十六册,243,无,民國廣州市光復中路華興書局鉛印本,華興書局,廣東省立中山圖書館,无,"插畫, 書名, 書局信息, 藥廠廣告",余瑞珊 編輯,无
395,新選全本銀合太子走國初集至五集五十卷,第十六册,260,无,清佛山舍人後街近文堂刻本,近文堂,中山大學中國非物質文化遺產研究中心,无,"故事情節/內容, 書名",題閒情居士訂；原書版框高一六八毫米 寬一一四毫米,无
396,新選全本銀合太子走國十卷,第十七册,1,无,清佛山近文堂刻文光樓印本,"文光樓, 近文堂",國家圖書館,无,"故事情節/內容, 書名, 書局信息",題閒情居士訂,无
397,全本劏仔記一卷,第十七册,98,无,清廣文堂刻本,廣文堂,德國巴伐利亞州立圖書館,无,"書名, 書局信息",題怡情主人撰,无
398,新刻全本謀夫害子劏仔記二卷,第十七册,121,无,民國省港五桂堂刻本,廣州五桂堂,廣東省立中山圖書館,无,"插畫, 書名, 書局信息, 藥廠廣告",原書版框高一六四毫米 寬一一〇毫米,无
399,新刻正字盤龍寶扇全本二卷,第十七册,137,无,清末民國第七甫五桂堂刻本,廣州五桂堂,廣東省立中山圖書館,无,"插畫, 故事情節/內容, 書名, 書局信息, 畫家信息, 藥廠廣告",原書版框高一六四毫米 寬一一〇毫米,无
400,全本盆龍寶扇記二卷,第十七册,146,无,民國廣州市光復中路醉經書局刻本,醉經書局,廣州大典研究中心,无,"插畫, 書名, 書局信息, 書局廣告",原書版框高一五六毫米 寬一〇七毫米,无
401,新刻正字劉全進瓜全本二卷,第十七册,157,无,民國五桂堂刻本,廣州五桂堂,中山大學圖書館,无,"插畫, 書名, 書局信息, 藥廠廣告",原書版框高一六二毫米 寬一一四毫米,无
402,新選全本劉秀太子走國初集至四集二十四卷,第十七册,172,无,清禪山近文堂刻民國廣州市光復中路醉經書局印本,"近文堂, 醉經書局",中山大學圖書館,无,"插畫, 書名, 書局信息, 書局廣告",題 株守山房 西堠居士 訂；原書版框高一六二毫米 寬一一四毫米,无
403,劉晨採藥一卷,第十七册,379,无,清廣文堂刻本,廣文堂,德國巴伐利亞州立圖書館,无,"故事情節/內容, 書名, 書局信息",无,无
404,新刻全本劉晨採藥仙凡記初集至四卷二集四卷,第十七册,386,无,清省城第七甫丹柱堂刻民國廣州市光復路五桂堂印本,"丹柱堂, 廣州五桂堂",中山大學圖書館,无,"插畫, 書名, 書局信息, 畫家信息, 藥廠廣告",題西堠居士訂；原書版框高一六二毫米 寬一一四毫米,无
405,新選潛龍走國四卷,第十七册,456,无,清□柱堂刻民國五桂堂印本,廣州五桂堂,中山大學中國非物質文化遺產研究中心,无,"插畫, 書名, 書局信息, 畫家信息",原書版框高一六七毫米 寬一〇六毫米,无
406,新刻薛剛夜祭坵墳全本二卷,第十七册,496,无,清省城丹柱堂刻民國廣州市以文堂印本,"丹柱堂, 以文堂",英國倫敦大學亞非學院圖書館,无,"插畫, 書名, 書局信息, 畫家信息",无,无
407,薛家後代初集至四集二十四卷,第十七册,514,无,清□□堂刻省城靖遠街德文堂 省城第八甫右經堂印本,"右經堂, 德文堂",廣東省立中山圖書館,无,"故事情節/內容, 書名, 書局信息",題閒情居士訂；原書版框高一七四毫米 寬一一三毫米,无
408,改良醒世良規初集一卷二集一卷,第十七册,722,无,清省城太平門外正興大街成文堂刻本,成文堂,北京師範大學圖書館,无,"故事情節/內容, 書名, 書局信息, 目錄",无,无
409,醒世良規初集一卷二集一卷,第十七册,743,无,民國廣州市第七甫醉經堂刻本,醉經堂,廣州圖書館,无,"插畫, 書名, 書局信息, 書局廣告, 畫家信息",无,无
410,醜婦遊十殿一卷,第十八册,1,木魚,民國廣州光復中路華興書局鉛印本,華興書局,廣東省立中山圖書館,无,"分類, 書名, 書局信息",无,封面寫“最新木魚”
411,醜婦遊拾殿一卷,第十八册,8,无,民國赤坎新開印務書局鉛印本,赤坎書局,中山大學中國非物質文化遺產研究中心,无,"插畫, 書名, 書局信息",无,內頁有“本局所出版之木魚”詳細書目，可作為補正
412,新補錦香亭全本三卷,第十八册,24,南音,清光緒十三年莞城教場街萃英樓刻本,萃英樓,臺北傅斯年圖書館,无,"年份, 書名, 書局信息",題 二酉齋 輯訂,封面寫“二酉齋輯訂原本 清唱南音”
413,錦雲肩記全本二卷,第十八册,44,无,清乾隆攀桂堂刻本,攀桂堂,德國巴伐利亞州立圖書館,无,"年份, 書名, 書局信息",題 逸軒主人 評選,无
414,新刻錦雲肩胡生哭別二卷,第十八册,63,无,民國廣州市光復中路醉經書局刻本,醉經書局,中山大學圖書館,无,"插畫, 書名, 書局信息, 書局廣告, 畫家信息",原書版框高一六二毫米 寬一一四毫米,无
415,新出錦霞掃雪二卷,第十八册,77,无,清佛鎮走馬路芹香閣刻本,芹香閣,臺北傅斯年圖書館,无,"故事情節/內容, 書名, 書局信息",无,无
416,新刻全本鍾景期錦香亭記南音二卷,第十八册,85,南音,清攀桂堂刻本,攀桂堂,英國倫敦大學亞非學院圖書館,无,"故事情節/內容, 書名",題 攀桂堂 重訂,封面標題《新刻唐明皇遊月殿全》；內頁寫“新刻全本鍾景期錦香亭記南音”
417,鍾無豔娘娘初集至六集六十四卷,第十八册,106,无,清璧經堂、永利堂刻第七甫五桂堂印本,"廣州五桂堂, 永利堂, 璧經堂",廣東省立中山圖書館,无,"書名, 書局信息",題 守拙主人 閒情居士 訂；原書版框高一六九毫米 寬一一六毫米,无
418,鍾國母二集十卷,第十八册,702,无,民國廣州市光復中路醉經書局鉛印本,醉經書局,廣州大典研究中心,无,"插畫, 書名, 書局信息, 藥廠廣告",原書版框高一七〇毫米 寬一一〇毫米,无
419,新編曠野奇逢全本四卷,第十九册,1,无,民國省港五桂堂刻本,廣州五桂堂,中山大學圖書館,无,"插畫, 書名, 書局信息, 畫家信息, 藥廠廣告",原書版框高一六三毫米 寬一一〇毫米,无
420,新刻蠄蜍王全本三卷,第十九册,37,无,清省城丹柱堂刻民國廣州市第七甫以文堂印本,"丹柱堂, 以文堂",中山大學圖書館,无,"插畫, 書名, 書局信息, 畫家信息, 藥廠廣告",原書版框高一六二毫米 寬一一四毫米,无
421,雙珠鳳記二卷,第十九册,53,无,清省城廣文堂刻本,廣文堂,德國巴伐利亞州立圖書館,无,"書名, 書局信息",无,无
422,新刻雙鳳奇仙全本四卷,第十九册,80,无,清永善堂刻民國省港五桂堂印本,"廣州五桂堂, 永善堂",中山大學圖書館,无,"插畫, 書名, 書局信息, 畫家信息, 藥廠廣告",原書版框高一六二毫米 寬一一四毫米,无
423,新編全本雙鳳裙五卷,第十九册,104,无,清粵東第七甫五桂堂刻本,廣州五桂堂,中山大學圖書館,无,"插畫, 書名, 書局信息, 書局廣告, 畫家信息, 藥廠廣告",原書版框高一六二毫米 寬一一四毫米,无
424,新選全本蘇英娘娘走國初集至四集二十四卷,第十九册,149,无,清省城第七甫丹柱堂刻本,丹柱堂,復旦大學圖書館,无,"故事情節/內容, 書名, 書局信息",題 閒情居士 訂,无
425,蘇映雪墜樓三卷,第十九册,351,无,清第七甫五桂堂刻本,廣州五桂堂,廣州大典研究中心,无,"書名, 書局信息",原書版框高一五三毫米 寬一一〇毫米,无
426,新編關公出世南音四卷十二回,第十九册,362,南音,民國省港五桂堂刻本,廣州五桂堂,廣州圖書館,无,"插畫, 書名, 書局信息, 畫家信息",馮庸 撰；原書版框高一五八毫米 寬一〇九毫米,內頁標題“新選正字南音關公出世歷史全套”
427,新刻正字關倫賣妹全本四卷,第十九册,384,无,清末民國狀元坊太平新街以文堂刻本,以文堂,廣州大典研究中心,无,"插畫, 書名, 書局信息, 藥廠廣告",原書版框高一六六毫米 寬一一五毫米,无
428,新刻羅卜挑經救母全本四卷,第十九册,407,无,清省城丹柱堂刻民國廣州市太平新街以文堂印本,"丹柱堂, 以文堂",臺北傅斯年圖書館,无,"插畫, 書名, 書局信息",原書版框高一六三毫米 寬一〇九毫米,无
429,新編忠考節義懷春乞食養家婆全集一卷,第十九册,437,无,民國赤坎東埠新開培記書局鉛印本,培記書局,佛山市順德圖書館,无,"書名, 書局信息",余瑞珊 編輯,无
430,新編趣緻木魚懷春憶夫全集一卷,第十九册,474,木魚,民國廣州市光復中路民智書局鉛印本,民智書店,廣東省立中山圖書館,无,"插畫, 書名, 書局信息",余瑞珊 編輯,內頁標題“新編趣緻木魚懷春憶夫全集”
431,新選繡戈袍初集全本四卷二集四卷,第十九册,488,无,清咸豐元年至三年莞城明秀堂刻本,明秀堂,臺北傅斯年圖書館,无,"年份, 故事情節/內容, 書名, 書局信息",无,无
432,新選全本繡球記六卷,第十九册,543,无,清省城第七甫丹柱堂刻民國廣州市第七甫醉經堂印本,"丹柱堂, 醉經堂",臺北傅斯年圖書館,无,"插畫, 書名, 書局信息, 畫家信息",題 閒情居士 訂,无
433,新刻忠孝節義竇韜記全本六卷,第十九册,593,无,清省城榮德堂刻第七甫丹柱堂印本,"丹柱堂, 榮德堂",復旦大學圖書館,无,"故事情節/內容, 書名, 書局信息",无,无
434,新選全本合竹州鐮刀記二卷,第十九册,645,无,清省城九曜坊成德堂刻本,成德堂,德國巴伐利亞州立圖書館,无,"書名, 書局信息",題 閒情居士 稿,无
435,新選紫竹林中觀音出世二卷,第十九册,659,无,清東莞華翰堂刻本,華翰堂,德國巴伐利亞州立圖書館,无,"年份, 書名, 書局信息",无,无
436,新刻正字觀音出世全本二卷,第十九册,675,无,民國公益埠蘇杭街會文閣製筆印書局鉛印本,會文閣,廣州圖書館,无,"插畫, 書名, 書局信息",无,无
437,二美懷舟一卷,第一冊,1,南音,清省城廣文堂刻本,廣文堂,德國巴伐利亞州立圖書館,无,"分類, 書名, 書局信息",无,封面寫“南音”
438,二賭博談一卷,第一冊,4,无,民國廣州第七甫醉經堂刻本,醉經堂,臺北傅斯年圖書館,无,"插畫, 書名, 書局信息, 畫家信息",馮庸撰,无
439,新訂十二時辰一卷,第一冊,7,无,清粵東省城歸德門內學院前璧經堂刻本,璧經堂,廣州圖書館,无,"插畫, 書名, 書局信息",无,无
440,十二時辰一卷,第一冊,11,无,清志寶堂刻民國廣州市西堤二馬路正興大街成文堂印本,"志寶堂, 成文堂",北京師範大學圖書館,无,"插畫, 書名, 書局信息, 畫家信息",无,无
441,十二時辰二卷,第一冊,15,无,清廣州狀元坊太平新街以文堂刻民國省港五桂堂印本,"以文堂, 廣州五桂堂",英國倫敦大學亞非學院圖書館,无,"插畫, 書名, 書局信息, 藥廠廣告",无,无
442,新本十送英台一卷,第一冊,19,无,清末民國廣州狀元坊太平新街以文堂刻本,以文堂,臺北傅斯年圖書館,无,"插畫, 書名, 書局信息, 畫家信息",无,无
443,新刻十教女娘南音全本一卷,第一冊,22,"南音, 龍舟",清第七甫五桂堂刻本,廣州五桂堂,復旦大學圖書館,无,"分類, 書名, 書局信息",无,封面寫“新出龍舟”，內頁標題寫“新刻十教女娘南音全本”。可見南音與龍舟混用。
444,十諫才郎一卷,第一冊,25,无,清廣州狀元坊太平新街以文堂刻本,以文堂,臺北傅斯年圖書館,无,"插畫, 書名, 書局信息, 畫家信息",无,无
445,十諫嫖客一卷附龜公嘆一卷,第一冊,28,无,清第七甫閘口五桂堂刻本,廣州五桂堂,廣東省立中山圖書館,无,"故事情節/內容, 書名, 書局信息",原書版框高一六一毫米 寬一一四毫米,无
446,丁山射雁二卷,第一冊,31,龍舟,清佛山福祿大街正同文刻本,正同文堂,廣州大典研究中心,无,"分類, 書名, 書局信息",原書版框高一五九毫米 寬一一〇毫米,封面寫“正同文新刻龍舟”
447,丁山射雁二卷,第一冊,36,无,清廣州狀元坊太平新街以文堂刻本,以文堂,廣州大典研究中心,无,"插畫, 書名, 書局信息, 畫家信息, 藥廠廣告",原書版框高一六一毫米 寬九九毫米,无
448,丁山射雁二卷,第一冊,41,无,民國廣州市第七甫醉經堂刻本,醉經堂,廣東省立中山圖書館,无,"插畫, 書名, 書局信息, 書局廣告, 畫家信息",原書版框高一五五毫米 寬一〇二毫米,无
449,龍舟七夕讚花二卷,第一冊,45,龍舟,民國廣州市太平新街以文堂刻本,以文堂,廣東省立中山圖書館,无,"插畫, 書名, 書局信息",原書版框高一六五毫米 寬一一五毫米,內頁標題寫“龍舟七夕讚花上”
450,七曲琴一卷,第一冊,50,无,清末民國廣州光復路五桂堂刻本,廣州五桂堂,廣東省立中山圖書館,无,"插畫, 書名, 書局信息, 畫家信息, 藥廠廣告",原書版框高一六一毫米 寬一一四毫米,无
451,重訂七嫁才郎一卷,第一冊,53,无,清末民國五桂堂刻本,廣州五桂堂,廣東省立中山圖書館,无,"插畫, 書名, 書局信息, 畫家信息, 藥廠廣告",原書版框高一五七毫米 寬一〇四毫米,无
452,八仙賀壽一卷,第一冊,56,无,清末民國廣州西堤二馬路正興大街成文堂印本,成文堂,首都圖書館,无,"插畫, 書名, 書局信息, 畫家信息",无,无
453,九調十三腔一卷,第一冊,59,无,清末民國廣州市第七甫醉經堂刻本,醉經堂,臺北傅斯年圖書館,无,"插畫, 書名, 書局信息, 畫家信息",无,无
454,又讚其妙二卷,第一冊,62,无,清□□堂刻本,無信息,臺北傅斯年圖書館,无,書名,无,書名《有用通寶》
455,新出時事三大害龍舟歌二卷,第一冊,66,龍舟,清第七甫五桂堂刻本,廣州五桂堂,廣東省立中山圖書館,无,"插畫, 書名, 書局信息, 畫家信息, 藥廠廣告",无,內頁標題寫“新出時事三大害龍舟歌”
456,三別徐庶二卷,第一冊,70,龍舟,清狀元坊內太平新街以文堂刻本,以文堂,臺北傅斯年圖書館,无,"插畫, 書名, 書局信息, 畫家信息",題 以文堂 訂,封面寫“新出龍舟”
457,三姑回門一卷,第一冊,74,南音,清□□堂刻本,無信息,廣州大典研究中心,无,"分類, 插畫, 書名",无,封面寫“新本南音”
458,三姑回門二卷,第一冊,77,无,清第七甫五桂堂刻本,廣州五桂堂,廣東省立中山圖書館,无,"插畫, 書名, 書局信息, 畫家信息, 藥廠廣告",題 杏花氏 重訂；原書版框高一五七毫米 寬一〇四毫米,无
459,重訂三春投水龍舟歌二卷 : 清省城元坊太平新街堂刻民國五桂堂印本,第一冊,81,龍舟,清省城狀元坊內太平新街□□堂刻民國五桂堂印本,廣州五桂堂,日本金文京先生藏本,无,"分類, 插畫, 書名, 書局信息, 書局廣告",无,封面寫“正字龍舟”，內頁標題“重訂三春投水龍舟歌”。猜測是以文堂的書版。
460,重訂三春投水龍舟歌二卷 : 清末民國省城狀元坊內太平新街以文堂刻本,第一冊,85,无,清末民國省城狀元坊內太平新街以文堂刻本,以文堂,廣州大典研究中心,无,"插畫, 書名, 書局信息, 畫家信息",原書版框高一四九毫米 寬一〇七毫米,內容排版跟上面一模一樣。
461,三氣宣王二卷,第一冊,89,无,清省城□□堂刻民國廣州市光復中路醉經書局印本,醉經書局,廣東省立中山圖書館,无,"插畫, 書名, 書局信息, 書局廣告",原書版框高一五五毫米 寬一〇二毫米,无
462,三婦怨夫醒世良言一卷,第一冊,94,龍舟,清第七甫五桂堂刻本,廣州五桂堂,北京師範大學圖書館,无,"分類, 插畫, 書名, 書局信息, 畫家信息",无,封面寫“龍舟歌”
463,三婦怨夫醒世良言一卷,第一冊,97,无,清末民國廣州正興大街成文堂刻本,成文堂,復旦大學圖書館,无,"插畫, 書名, 書局信息, 畫家信息",无,无
464,三婦怨夫醒世良言一卷,第一冊,100,无,民國廣州市第七甫醉經堂刻本,醉經堂,廣東省立中山圖書館,无,"插畫, 書名, 書局信息, 書局廣告",原書版框高一五五毫米 寬一〇二毫米,无
465,三聘孔明二卷,第一冊,103,无,清末民國第七甫五桂堂刻本,廣州五桂堂,廣東省立中山圖書館,无,"插畫, 書名, 書局信息, 畫家信息, 藥廠廣告",題五桂堂訂；原書版框高一五七毫米 寬一〇四毫米,无
466,三聘孔明一卷,第一冊,107,无,民國廣州市光復中路醉經書局刻本,醉經書局,廣東省立中山圖書館,无,"插畫, 書名, 書局信息, 書局廣告, 畫家信息",原書版框高一五五毫米 寬一〇二毫米,无
467,土地公抵制二卷,第一冊,111,无,清末民國省城狀元坊內太平新街以文堂書局刻本,以文堂,臺北傅斯年圖書館,无,"插畫, 書名, 書局信息, 畫家信息",无,无
468,士九拜山一卷,第一冊,115,无,清末民國第七甫五桂堂刻本,廣州五桂堂,日本天理大學附屬天理圖書館,无,"插畫, 書名, 書局信息, 藥廠廣告",无,无
469,士九問路一卷,第一冊,118,无,清第七甫三元堂刻民國廣州市光復中路醉經書局印本,"三元堂, 醉經書局",廣東省立中山圖書館,无,"插畫, 書名, 書局信息, 書局廣告",原書版框高一五五毫米 寬一〇二毫米,无
470,大快活開廳一卷,第一冊,121,无,民國廣州市第七甫五桂堂刻本,廣州五桂堂,廣東省立中山圖書館,无,"書名, 書局信息",原書版框高一六一毫米 寬一一四毫米,无
471,大粒烟嘆五更一卷,第一冊,124,叹五更,清刻本,無信息,廣東省立中山圖書館,无,書名,原書版框高一六八毫米 寬一一〇毫米,无
472,大閙烟公一卷,第一冊,127,龍舟,清省城西堤二馬路正興大街成文堂刻本,成文堂,首都圖書館,无,"分類, 插畫, 書名, 書局信息",无,封面寫“龍舟歌”
473,三次改良大閙發瘋婆一卷,第一冊,132,无,清第七甫五桂堂刻本,廣州五桂堂,廣東省立中山圖書館,无,"插畫, 書名, 書局信息, 畫家信息, 藥廠廣告",无,无
474,大閙發瘋婆一卷,第一冊,135,龍舟,清金玉堂刻民國廣州市正興大街成文堂印本,"成文堂, 金玉堂",北京師範大學圖書館,无,"分類, 插畫, 書名, 書局信息",无,封面寫“新出龍舟歌”
475,大閙鴉片佬一卷,第一冊,139,龍舟,清末民國□□堂刻省港五桂堂印本,廣州五桂堂,復旦大學圖書館,无,"分類, 插畫, 書名, 書局信息, 書局廣告",无,封面寫“正字龍舟”
476,大罵梅知府一卷倫碧容祭監一卷 / ,第一冊,142,龍舟,清悦覌堂刻粵東省城太平門外靖遠街德文堂印本,"德文堂, 悦覌堂",廣州大典研究中心,无,"分類, 書名, 書局信息",題 龍舟珠 撰；原書版框高一四四毫米 寬一一二毫米,封面寫“新出龍舟歌”
477,大罵梅知府一卷,第一冊,147,龍舟,清守經堂刻省城第七甫明德堂印本,"守經堂, 明德堂",復旦大學圖書館,无,"分類, 書名, 書局信息",題 龍舟珠 撰,封面寫“新出龍舟歌”
478,上林御苑題詩一卷 : ,第一冊,150,龍舟,清□□堂刻省城元坊內太平新街以文堂印本,以文堂,國家圖書館,无,"分類, 書名, 書局信息",无,封面寫“新出龍舟歌”
479,上林御苑題詩一卷 : 清丹柱堂刻本,第一冊,153,无,清丹柱堂刻本,丹柱堂,復旦大學圖書館,无,無封面,无,无
480,小王和琴一卷,第一冊,156,"南音, 龍舟",清五桂堂刻本,廣州五桂堂,復旦大學圖書館,无,"分類, 書名, 書局信息",无,封面寫“南音龍舟歌”
481,小王和琴一卷,第一冊,159,无,民國廣州市太平新街以文堂刻本,以文堂,復旦大學圖書館,无,"插畫, 書名, 書局信息",无,无
482,小青吊影一卷,第一冊,162,"南音, 龍舟",清五桂堂刻本,廣州五桂堂,復旦大學圖書館,无,"分類, 書名, 書局信息",无,封面寫“南音龍舟歌”
483,新山伯訪友一卷,第一冊,165,无,清省城廣文堂刻本,廣文堂,德國巴伐利亞州立圖書館,无,"插畫, 書名, 書局信息",无,无
484,山伯訪友一卷,第一冊,168,无,清末民國狀元坊太平新街以文堂刻本,以文堂,北京師範大學圖書館,无,"插畫, 書名, 書局信息, 畫家信息, 藥廠廣告",題 以文堂主人 重訂,无
485,山伯訪友一卷,第一冊,171,无,清末民國□□堂刻廣州五桂堂印本,廣州五桂堂,復旦大學圖書館,无,"插畫, 書名, 書局信息, 書局廣告",无,无
486,乞米養家婆一卷碧蘭割股一卷節女守清一卷新出鳯珍守節南音一卷活捉三郎一卷,第一冊,174,无,清富經堂刻省城太平新街以文堂印本,"以文堂, 富經堂",復旦大學圖書館,无,"故事情節/內容, 書名, 書局信息",无,无
487,新本乞米養家婆一卷,第一冊,181,无,清粵東佛山走馬路芹香閣刻本,芹香閣,佛山市順德圖書館,无,"書名, 書局信息",原書版框高一六六毫米 寬一一三毫米,无
488,龍舟王允獻貂蟬一卷,第一冊,184,龍舟,清倫教同文堂刻民國廣州市正興大街成文堂印本,成文堂,北京師範大學圖書館,无,"分類, 插畫, 書名, 書局信息",无,封面寫“新出龍舟歌”
489,龍舟王允獻貂蟬一卷,第一冊,187,龍舟,民國廣州市太平新街以文堂刻本,以文堂,臺北傅斯年圖書館,无,"插畫, 書名, 書局信息, 畫家信息",无,內頁標題“龍舟王允獻貂禪”
490,王寶釧彩樓招贅十二卷首一卷,第一冊,190,龍舟,清仁濟悦覌堂刻民國廣州市第七甫醉經堂印本,"悦覌堂, 醉經堂",國家圖書館,无,無封面,无,中縫寫“龍舟彩樓招贅”
491,新本天奇告狀一卷,第一冊,211,龍舟,清末民國廣州正興大街成文堂刻本,成文堂,首都圖書館,无,"分類, 插畫, 書名, 書局信息",无,封面寫“新出龍舟歌”
492,新本天官賜福十錦包心一卷,第一冊,214,无,清□□堂刻民國廣州市第七甫醉經堂印本,醉經堂,臺北傅斯年圖書館,无,"插畫, 書名, 書局信息, 畫家信息",无,內頁各句標注唱法。
493,天香館留宿一卷,第一冊,217,无,清丹柱堂刻本,丹柱堂,復旦大學圖書館,无,無封面,无,无
494,天香館留宿一卷,第一冊,220,龍舟,清□□堂刻省城狀元坊內太平新街以文堂印本,以文堂,國家圖書館,无,"分類, 插畫, 書名, 書局信息",无,封面寫“新出龍舟歌”
495,五更苦怨一卷,第一冊,223,"叹五更, 龍舟",清第七甫五桂堂刻本,廣州五桂堂,復旦大學圖書館,无,"分類, 書名, 書局信息",无,封面寫“新出龍舟歌”
496,新出五拜廟一卷,第一冊,226,龍舟,民國廣州市太平新街以文堂刻本,以文堂,臺北傅斯年圖書館,无,"分類, 插畫, 書名, 書局信息",无,封面寫“龍舟”
497,五想同心一卷,第一冊,229,龍舟,清□□堂刻民國廣州市太平新街以文堂印本,以文堂,臺北傅斯年圖書館,无,"分類, 插畫, 書名, 書局信息",无,封面寫“龍舟”
498,五諫刁妻一卷,第一冊,232,龍舟,清金玉堂刻省城西堤二馬路正興大街成文堂印本,"成文堂, 金玉堂",首都圖書館,无,"分類, 插畫, 書名, 書局信息",无,封面寫“龍舟歌”
499,五諫刁妻三卷,第一冊,237,龍舟,清末民國太平新街□□堂刻省港五桂堂印本,廣州五桂堂,英國倫敦大學亞非學院圖書館,无,"插畫, 書名, 書局信息, 書局廣告",无,封面“正字龍舟”
500,新串五諫洋烟二卷,第一冊,242,无,清第七甫五桂堂刻本,廣州五桂堂,北京師範大學圖書館,无,"書名, 書局信息",无,无
501,新串五諫洋烟二卷 / 題劉祥記訂,第一冊,247,无,无,无,无,无,无,无,无
502,五諫賢夫南音二卷,第一冊,252,无,无,无,无,无,无,无,无
503,太子下魚舟痴人乞食一卷,第一冊,257,无,无,无,无,无,无,无,无
504,日夜時辰一卷,第一冊,260,无,无,无,无,无,无,无,无
505,全本水淹金山一卷,第一冊,264,无,无,无,无,无,无,无,无
506,仁貴歸家四卷,第一冊,267,无,无,无,无,无,无,无,无
507,月華嘆五更一卷,第一冊,274,"叹五更, 龍舟",清粵東省城第七甫五桂堂刻本,廣州五桂堂,北京師範大學圖書館,无,"分類, 插畫, 書名, 書局信息",无,封面寫“新出龍舟歌”
508,新方倫別一卷,第一冊,277,无,无,无,无,无,无,无,无
509,宣統元年正月初九晚火燒大沙頭故事三卷,第一冊,280,无,无,无,无,无,无,无,无
510,火燒塘魚欄二卷,第一冊,285,无,无,无,无,无,无,无,无
511,孔子博學一卷,第一冊,289,无,无,无,无,无,无,无,无
512,孔明掃琴一卷 : 民國廣州市太平新街以文堂刻本,第一冊,292,无,无,无,无,无,无,无,无
513,孔明掃琴一卷 : 清省城堂刻民國廣州醉經書局印本,第一冊,295,无,无,无,无,无,无,无,无
514,新刻玉嬋問覡一卷,第一冊,298,无,无,无,无,无,无,无,无
515,玉嬋嘆五更一卷,第一冊,302,"叹五更, 龍舟",清粵東省城第七甫五桂堂刻本,廣州五桂堂,廣州圖書館,无,"分類, 插畫, 書名, 書局信息",无,封面寫“新出龍舟歌”
516,新本玉嬋嘆五更一卷,第一冊,305,"南音, 叹五更",清省城太平門第七甫丹柱堂刻本,丹柱堂,北京師範大學圖書館,无,"分類, 插畫, 書名, 書局信息",无,封面寫“新刻南音”
517,新玉簫琴記南音二卷,第一冊,308,无,无,无,无,无,无,无,无
518,玉簫琴三卷,第一冊,313,无,无,无,无,无,无,无,无
519,玉蘭買水一卷,第一冊,319,无,无,无,无,无,无,无,无
520,特別打天九歌一卷,第一冊,323,无,无,无,无,无,无,无,无
521,新本打爛槓一卷,第一冊,326,无,无,无,无,无,无,无,无
522,世隆成親一卷,第一冊,330,无,无,无,无,无,无,无,无
523,世隆成親一卷,第一冊,333,无,无,无,无,无,无,无,无
524,重訂石女嘆五更一卷,第一冊,336,叹五更,清末民國狀元坊內太平新街以文堂刻本,以文堂,北京師範大學圖書館,无,"插畫, 書名, 書局信息, 畫家信息, 藥廠廣告",无,无
525,新本石女嘆五更一卷,第一冊,339,叹五更,民國廣州市光復中路五桂堂刻本,廣州五桂堂,廣東省立中山圖書館,无,"插畫, 書名, 書局信息, 畫家信息, 藥廠廣告",題風流主人撰,无
526,平貴伏紅鬃馬一卷,第一冊,342,无,无,无,无,无,无,无,无
527,平貴別窑一卷,第一冊,345,无,无,无,无,无,无,无,无
528,四季蓮花二卷 : 清省城三元堂刻民國廣州市西堤二馬路正興大街成文堂印本,第一冊,348,无,无,无,无,无,无,无,无
529,四季蓮花二卷 : 民國廣州市第七甫醉經堂刻本,第一冊,353,无,无,无,无,无,无,无,无
530,四季蓮花二卷 : 民國省港五桂堂刻本,第一冊,357,无,无,无,无,无,无,无,无
531,生祭彥貴一卷,第一冊,362,无,无,无,无,无,无,无,无
532,仙凡相會一卷,第一冊,365,无,无,无,无,无,无,无,无
533,仙姬送子一卷,第一冊,368,无,无,无,无,无,无,无,无
534,白絲蘭問米全本二卷,第一冊,370,无,无,无,无,无,无,无,无
535,龍舟包公訪友一卷 / 題龍舟松撰,第一冊,375,无,无,无,无,无,无,无,无
536,龍舟包公訪友一卷,第一冊,378,无,无,无,无,无,无,无,无
537,包公訪友二卷,第一冊,382,无,无,无,无,无,无,无,无
538,奶媽出身一卷 / 題大良龍舟海訂,第一冊,386,无,无,无,无,无,无,无,无
539,新刻奶媽放白鴿□□卷 (存卷上),第一冊,389,无,无,无,无,无,无,无,无
540,母諫心田二卷,第一冊,394,无,无,无,无,无,无,无,无
541,考世系二卷,第一冊,398,无,无,无,无,无,无,无,无
542,老女自嘆一卷,第一冊,402,叹五更,民國廣州市第七甫五桂堂刻本,廣州五桂堂,廣東省立中山圖書館,无,"插畫, 書名, 書局信息, 畫家信息, 藥廠廣告",无,无
543,老女思夫一卷,第一冊,405,无,无,无,无,无,无,无,无
544,新本老女嘆五更一卷,第一冊,408,叹五更,清末民國成文堂刻第七甫五桂堂印本,"廣州五桂堂, 成文堂",北京師範大學圖書館,无,"插畫, 書名, 書局信息, 畫家信息",无,无
545,老來難一卷,第一冊,411,无,无,无,无,无,无,无,无
546,老鼠告狀一卷,第一冊,414,无,无,无,无,无,无,无,无
547,改良老舉留人客一卷,第一冊,417,无,无,无,无,无,无,无,无
548,老舉問米二卷,第一冊,420,无,无,无,无,无,无,无,无
549,西蓬擊掌南音全一卷,第一冊,424,无,无,无,无,无,无,无,无
550,重訂西薘擊掌一卷,第一冊,427,无,无,无,无,无,无,无,无
551,百里奚會妻三卷,第一冊,430,无,无,无,无,无,无,无,无
552,存孝道新本百八鐘二卷,第一冊,436,无,无,无,无,无,无,无,无
553,同心上半年一卷,第一冊,441,无,无,无,无,无,无,无,无
554,龍舟朱洪武遊太廟一卷,第一冊,444,无,无,无,无,无,无,无,无
555,朱買臣得志二卷,第一冊,448,无,无,无,无,无,无,无,无
556,延師診脉一卷,第一冊,452,无,无,无,无,无,无,无,无
557,自由女想靚仔一卷,第一冊,455,无,无,无,无,无,无,无,无
558,行炸李準三卷,第一冊,458,无,无,无,无,无,无,无,无
559,花木思嬌一卷,第一冊,463,无,无,无,无,无,无,无,无
560,花名嘆五更一卷,第一冊,466,叹五更,清刻本,無信息,廣州圖書館,无,無封面,无,无
561,新本花園擲戟二卷,第一冊,468,无,无,无,无,无,无,无,无
562,杜十娘沉箱全本三卷,第一冊,473,无,无,无,无,无,无,无,无
563,重訂杜十娘沉八寶箱全本三卷,第一冊,478,无,无,无,无,无,无,无,无
564,南音杏元投崖二卷,第一冊,483,无,无,无,无,无,无,无,无
565,新本杏元憶釵一卷,第一冊,487,无,无,无,无,无,无,无,无
566,杏元憶釵南音一卷,第一冊,490,无,无,无,无,无,无,无,无
567,李仙刺目一卷,第一冊,493,无,无,无,无,无,无,无,无
568,李彩英拜月一卷,第一冊,496,无,无,无,无,无,无,无,无
569,李龍尋妻二卷,第一冊,499,无,无,无,无,无,无,无,无
570,新本李龍尋妻二卷 / 題金玉堂校,第一冊,503,无,无,无,无,无,无,无,无
571,李龍尋妻二卷,第一冊,508,无,无,无,无,无,无,无,无
572,李龍閙酒三卷 / 題以文堂重訂,第一冊,512,无,无,无,无,无,无,无,无
573,新本肖女賣瘋警世良言一卷,第一冊,517,无,无,无,无,无,无,无,无
574,呆仔成親新出版眼一卷 / 題龍舟松撰,第一冊,520,无,无,无,无,无,无,无,无
575,重較呆佬拜壽南音三卷,第一冊,523,无,无,无,无,无,无,无,无
576,特別改良新串呆佬拜壽三卷,第一冊,530,无,无,无,无,无,无,无,无
577,重訂呆佬拜壽三卷,第一冊,535,无,无,无,无,无,无,无,无
578,男燒衣祭奠情人一卷,第一冊,540,无,无,无,无,无,无,无,无
579,吹簫憶友一卷,第一冊,543,无,无,无,无,无,无,无,无
580,華林寺秀容附薦新本南音二卷,第一冊,546,无,无,无,无,无,无,无,无
581,新本秀容掃琴南音二卷,第一冊,554,无,无,无,无,无,无,无,无
582,秀琼起寺一卷 : 清省城第七甫丹堂抄本,第一冊,557,无,无,无,无,无,无,无,无
583,秀琼起寺一卷 : 清末民國第七甫五桂堂刻本,第一冊,560,无,无,无,无,无,无,无,无
584,秀琼起寺一卷 : 民國醉經書局刻本,第一冊,563,无,无,无,无,无,无,无,无
585,私探營房二卷 : 清佛山走馬路芹,第一冊,566,无,无,无,无,无,无,无,无
586,私探營房二卷 ,第一冊,571,无,无,无,无,无,无,无,无
587,私探營房二卷,第一冊,575,无,无,无,无,无,无,无,无
588,何惠群嘆五更一卷,第一冊,579,叹五更,民國廣州市第七甫醉經堂刻本,醉經堂,復旦大學圖書館,无,"插畫, 書名, 書局信息, 書局廣告",无,无
589,多情嘆五更一卷,第一冊,582,叹五更,清香山石岐黃鑑記刻本,鑑記,廣州圖書館,无,"插畫, 書名, 書局信息",无,何惠群題
590,伯皆大別一卷,第一冊,585,无,无,无,无,无,无,无,无
591,狄青比武二卷,第一冊,588,无,无,无,无,无,无,无,无
592,狄青斬王天化二卷,第一冊,595,无,无,无,无,无,无,无,无
593,狄青斬王天化全二卷,第一冊,599,无,无,无,无,无,无,无,无
594,辛亥廣東米貴兼閏月一卷 / 宋季緝編輯,第一冊,603,无,无,无,无,无,无,无,无
595,妓女嘆五更一卷,第一冊,606,叹五更,清以文堂刻本,以文堂,臺北傅斯年圖書館,无,"插畫, 書名, 書局信息, 畫家信息",无,无
596,新本妙容打齋薦二卷,第一冊,609,无,无,无,无,无,无,无,无
597,青蘭附薦一卷 : 清刻本,第一冊,613,无,无,无,无,无,无,无,无
598,青蘭附薦一卷 : 清香城石岐黃鑑記刻本,第一冊,616,无,无,无,无,无,无,无,无
599,重訂青蘭附薦一卷,第一冊,619,无,无,无,无,无,无,无,无
600,長生殿一卷,第一冊,622,无,无,无,无,无,无,无,无
601,新出真言拆外母屋一卷,第一冊,634,无,无,无,无,无,无,无,无
602,新本山歌拆蔗寮一卷,第一冊,627,无,无,无,无,无,无,无,无
603,抱主傷懷一卷,第一冊,631,无,无,无,无,无,无,无,无
604,英台回鄉一卷 : 清攀桂堂刻本,第一冊,633,无,无,无,无,无,无,无,无
605,英台回鄉一卷 : 清末民國堂刻香港荷里活道五桂堂印本,第一冊,636,无,无,无,无,无,无,无,无
606,英台回鄉一卷 : 清末民國成文堂刻本,第一冊,639,无,无,无,无,无,无,无,无
607,英台回鄉不分卷,第一冊,642,无,无,无,无,无,无,无,无
608,英台拜月一卷,第一冊,648,无,无,无,无,无,无,无,无
609,新本英台問覡遊十殿一卷 / 題閒情居士訂,第一冊,651,无,无,无,无,无,无,无,无
610,新本英台祭奠一卷,第一冊,654,无,无,无,无,无,无,无,无
611,英台戲友辦酒奪錦南音一卷,第一冊,657,无,无,无,无,无,无,无,无
612,英雄出現二卷,第一冊,660,无,无,无,无,无,无,无,无
613,妻妾相和新本百八鐘一卷,第一冊,664,无,无,无,无,无,无,无,无
614,新本到捲珠簾□卷 (存卷上),第一冊,667,无,无,无,无,无,无,无,无
615,明皇遊月宮一卷 / 題龍舟松撰,第一冊,670,无,无,无,无,无,无,无,无
616,金山婆自嘆一卷,第一冊,673,无,民國公益埠蘇杭街會文閣製筆印書局鉛印本,"會文閣, 筆印書局",佛山市順德圖書館,无,無封面,无,无
617,金山婆自嘆二卷,第一冊,677,无,民國廣州市第七甫醉經堂刻本,醉經堂,臺北傅斯年圖書館,无,"插畫, 書名, 書局信息",无,无
618,金生挑盒一卷,第一冊,681,无,无,无,无,无,无,无,无
619,重訂金生挑盒一卷,第一冊,684,无,无,无,无,无,无,无,无
620,金生拜契一卷,第一冊,687,无,无,无,无,无,无,无,无
621,金生拜契一卷,第一冊,690,无,无,无,无,无,无,无,无
622,金生拜廟一卷,第一冊,693,无,无,无,无,无,无,无,无
623,金生解菓一卷,第一冊,696,无,无,无,无,无,无,无,无
624,金生解菓一卷,第一冊,699,无,无,无,无,无,无,无,无
625,金星戲竇兒一卷,第一冊,702,无,无,无,无,无,无,无,无
626,金星戲竇兒一卷,第一冊,705,无,无,无,无,无,无,无,无
627,金橋問卦二卷,第一冊,708,无,无,无,无,无,无,无,无
628,新本金蘭寄書一卷,第一冊,712,无,无,无,无,无,无,无,无
629,金鑾殿輕生一卷,第一冊,716,无,无,无,无,无,无,无,无
630,重訂周氏反嫁一卷,第一冊,719,无,无,无,无,无,无,无,无
631,重訂夜送寒衣二卷,第一冊,723,无,无,无,无,无,无,无,无
632,夜諫金蘭一卷,第一冊,727,无,无,无,无,无,无,无,无
633,夜諫金蘭一卷,第一冊,733,无,无,无,无,无,无,无,无
634,盲公打釘一卷,第一冊,742,无,无,无,无,无,无,无,无
635,盲公打釘一卷,第一冊,745,无,无,无,无,无,无,无,无
636,河下溫舊情一卷,第一冊,748,无,无,无,无,无,无,无,无
637,姑嫂離別一卷,第一冊,751,无,无,无,无,无,无,无,无
638,妯娌炒鬧一卷,第一冊,757,无,无,无,无,无,无,无,无
639,胡生哭別一卷,第一冊,764,无,无,无,无,无,无,无,无
640,胡生賣芥蘭一卷 / 題閒情居士稿,第一冊,767,无,无,无,无,无,无,无,无
641,胡奎賣人頭二卷,第一冊,770,无,无,无,无,无,无,无,无
642,重訂柏玉霜自縊二卷,第一冊,774,无,无,无,无,无,无,无,无
643,貞節婦大罵賭仔二卷,第一冊,778,无,无,无,无,无,无,无,无
644,貴妃醉酒一卷,第一冊,783,无,无,无,无,无,无,无,无
645,特別改良看男女相歌一卷附戒煙粵謳,第一冊,785,无,无,无,无,无,无,无,无
646,重台分別一卷,第一冊,789,无,无,无,无,无,无,无,无
647,重台分別一卷,第一冊,792,无,无,无,无,无,无,无,无
648,重威試妻一卷,第一冊,795,无,无,无,无,无,无,无,无
649,皇姨拷問一卷,第一冊,799,无,无,无,无,无,无,无,无
650,鬼附自嘆一卷,第一冊,802,无,清末民國粵東省城五桂堂刻本,廣州五桂堂,廣東省立中山圖書館,无,"插畫, 書名, 書局信息, 畫家信息, 藥廠廣告",原書版框高一六一毫米 寬一一四毫米,无
651,新出鬼附自嘆一卷,第一冊,805,龍舟,清第七甫五桂堂刻本,廣州五桂堂,復旦大學圖書館,无,"書名, 書局信息",題 龍舟魁 記,封面寫“新出龍舟歌”
652,鬼馬元什才一卷,第一冊,808,无,无,无,无,无,无,无,无
653,風流佳話勸僱員守慎一卷,第一冊,811,无,无,无,无,无,无,无,无
654,風情雅趣不分卷,第一冊,814,无,无,无,无,无,无,无,无
655,狡婦疴鞋三卷,第一冊,821,无,无,无,无,无,无,无,无
656,改良狡婦疴鞋三卷,第一冊,826,无,无,无,无,无,无,无,无
657,怨夫立妾一卷,第一冊,832,无,无,无,无,无,无,无,无
658,新本怨夫立妾嘆五更一卷,第一冊,835,"叹五更, 龍舟",清近文堂刻正興大街成文堂印本,"成文堂, 近文堂",復旦大學圖書館,无,"書名, 書局信息",无,封面寫“新出龍舟”
659,送姐包心憶恨一卷 / 題半閒主人評選,第一冊,839,无,无,无,无,无,无,无,无
660,新出結拜同心送嫁歌一卷,第一冊,842,无,无,无,无,无,无,无,无
661,炸鳳山姨太祭奠三卷,第一冊,846,无,无,无,无,无,无,无,无
662,剃頭二借妻三卷,第一冊,851,无,无,无,无,无,无,无,无
